10000,1,100,0,4.39917,-O3 -march=native
10000,1,100,1,4.12222,-O3 -march=native
10000,1,100,2,4.15285,-O3 -march=native
10000,1,100,3,4.1411,-O3 -march=native
10000,1,100,4,4.32984,-O3 -march=native
10000,1,100,5,4.21134,-O3 -march=native
10000,1,100,6,4.27705,-O3 -march=native
10000,1,100,7,4.22518,-O3 -march=native
10000,1,100,8,4.22888,-O3 -march=native
10000,1,100,9,4.11965,-O3 -march=native
10000,1,100,10,4.07432,-O3 -march=native
10000,1,100,11,4.07787,-O3 -march=native
10000,1,100,12,4.19336,-O3 -march=native
10000,1,100,13,4.122,-O3 -march=native
10000,1,100,14,4.21843,-O3 -march=native
10000,1,100,15,4.52248,-O3 -march=native
10000,1,100,16,4.19815,-O3 -march=native
10000,1,100,17,4.46069,-O3 -march=native
10000,1,100,18,4.2584,-O3 -march=native
10000,1,100,19,4.42529,-O3 -march=native
10000,1,100,20,4.25259,-O3 -march=native
10000,1,100,21,4.10835,-O3 -march=native
10000,1,100,22,4.22531,-O3 -march=native
10000,1,100,23,4.16076,-O3 -march=native
10000,1,100,24,4.1428,-O3 -march=native
10000,1,100,25,4.22019,-O3 -march=native
10000,1,100,26,4.19626,-O3 -march=native
10000,1,100,27,4.19188,-O3 -march=native
10000,1,100,28,4.3186,-O3 -march=native
10000,1,100,29,4.11922,-O3 -march=native
10000,1,100,30,4.14828,-O3 -march=native
10000,1,100,31,4.23727,-O3 -march=native
10000,1,100,32,4.10783,-O3 -march=native
10000,1,100,33,4.14381,-O3 -march=native
10000,1,100,34,4.27963,-O3 -march=native
10000,1,100,35,4.0836,-O3 -march=native
10000,1,100,36,4.09707,-O3 -march=native
10000,1,100,37,4.07979,-O3 -march=native
10000,1,100,38,4.06971,-O3 -march=native
10000,1,100,39,4.29178,-O3 -march=native
10000,1,100,40,4.2923,-O3 -march=native
10000,1,100,41,4.0702,-O3 -march=native
10000,1,100,42,4.09903,-O3 -march=native
10000,1,100,43,4.10788,-O3 -march=native
10000,1,100,44,4.10735,-O3 -march=native
10000,1,100,45,4.23048,-O3 -march=native
10000,1,100,46,4.07989,-O3 -march=native
10000,1,100,47,4.17167,-O3 -march=native
10000,1,100,48,4.37847,-O3 -march=native
10000,1,100,49,4.29459,-O3 -march=native
10000,2,100,0,2.7619,-O3 -march=native
10000,2,100,1,2.72152,-O3 -march=native
10000,2,100,2,2.75725,-O3 -march=native
10000,2,100,3,2.65741,-O3 -march=native
10000,2,100,4,2.68337,-O3 -march=native
10000,2,100,5,2.67862,-O3 -march=native
10000,2,100,6,2.74803,-O3 -march=native
10000,2,100,7,2.64974,-O3 -march=native
10000,2,100,8,2.63541,-O3 -march=native
10000,2,100,9,2.64031,-O3 -march=native
10000,2,100,10,2.65494,-O3 -march=native
10000,2,100,11,2.68684,-O3 -march=native
10000,2,100,12,2.63427,-O3 -march=native
10000,2,100,13,2.63689,-O3 -march=native
10000,2,100,14,2.64538,-O3 -march=native
10000,2,100,15,2.69474,-O3 -march=native
10000,2,100,16,2.63504,-O3 -march=native
10000,2,100,17,2.63379,-O3 -march=native
10000,2,100,18,2.63508,-O3 -march=native
10000,2,100,19,2.64938,-O3 -march=native
10000,2,100,20,2.76182,-O3 -march=native
10000,2,100,21,2.6322,-O3 -march=native
10000,2,100,22,2.6775,-O3 -march=native
10000,2,100,23,2.63822,-O3 -march=native
10000,2,100,24,2.63783,-O3 -march=native
10000,2,100,25,2.72518,-O3 -march=native
10000,2,100,26,2.65145,-O3 -march=native
10000,2,100,27,2.67702,-O3 -march=native
10000,2,100,28,2.69458,-O3 -march=native
10000,2,100,29,2.63464,-O3 -march=native
10000,2,100,30,2.73309,-O3 -march=native
10000,2,100,31,2.68146,-O3 -march=native
10000,2,100,32,2.66489,-O3 -march=native
10000,2,100,33,2.6604,-O3 -march=native
10000,2,100,34,2.65083,-O3 -march=native
10000,2,100,35,2.64913,-O3 -march=native
10000,2,100,36,2.64457,-O3 -march=native
10000,2,100,37,2.70821,-O3 -march=native
10000,2,100,38,2.68824,-O3 -march=native
10000,2,100,39,2.69351,-O3 -march=native
10000,2,100,40,2.8032,-O3 -march=native
10000,2,100,41,2.80808,-O3 -march=native
10000,2,100,42,2.67684,-O3 -march=native
10000,2,100,43,2.65422,-O3 -march=native
10000,2,100,44,2.70594,-O3 -march=native
10000,2,100,45,2.64646,-O3 -march=native
10000,2,100,46,2.73089,-O3 -march=native
10000,2,100,47,2.65009,-O3 -march=native
10000,2,100,48,2.68156,-O3 -march=native
10000,2,100,49,2.65804,-O3 -march=native
10000,4,100,0,2.16811,-O3 -march=native
10000,4,100,1,2.17755,-O3 -march=native
10000,4,100,2,2.18634,-O3 -march=native
10000,4,100,3,2.12997,-O3 -march=native
10000,4,100,4,2.09983,-O3 -march=native
10000,4,100,5,2.08458,-O3 -march=native
10000,4,100,6,2.12657,-O3 -march=native
10000,4,100,7,2.13373,-O3 -march=native
10000,4,100,8,2.11737,-O3 -march=native
10000,4,100,9,2.13329,-O3 -march=native
10000,4,100,10,2.1316,-O3 -march=native
10000,4,100,11,2.14149,-O3 -march=native
10000,4,100,12,2.14774,-O3 -march=native
10000,4,100,13,2.17237,-O3 -march=native
10000,4,100,14,2.10653,-O3 -march=native
10000,4,100,15,2.09283,-O3 -march=native
10000,4,100,16,2.11328,-O3 -march=native
10000,4,100,17,2.11286,-O3 -march=native
10000,4,100,18,2.13193,-O3 -march=native
10000,4,100,19,2.1197,-O3 -march=native
10000,4,100,20,2.12422,-O3 -march=native
10000,4,100,21,2.0959,-O3 -march=native
10000,4,100,22,2.11624,-O3 -march=native
10000,4,100,23,2.13129,-O3 -march=native
10000,4,100,24,2.11588,-O3 -march=native
10000,4,100,25,2.1123,-O3 -march=native
10000,4,100,26,2.11889,-O3 -march=native
10000,4,100,27,2.12754,-O3 -march=native
10000,4,100,28,2.13923,-O3 -march=native
10000,4,100,29,2.04794,-O3 -march=native
10000,4,100,30,2.0844,-O3 -march=native
10000,4,100,31,2.07293,-O3 -march=native
10000,4,100,32,2.12075,-O3 -march=native
10000,4,100,33,2.11043,-O3 -march=native
10000,4,100,34,2.11332,-O3 -march=native
10000,4,100,35,2.09069,-O3 -march=native
10000,4,100,36,2.12442,-O3 -march=native
10000,4,100,37,2.10716,-O3 -march=native
10000,4,100,38,2.08705,-O3 -march=native
10000,4,100,39,2.11629,-O3 -march=native
10000,4,100,40,2.09566,-O3 -march=native
10000,4,100,41,2.1483,-O3 -march=native
10000,4,100,42,2.09419,-O3 -march=native
10000,4,100,43,2.12585,-O3 -march=native
10000,4,100,44,2.13411,-O3 -march=native
10000,4,100,45,2.19226,-O3 -march=native
10000,4,100,46,2.10169,-O3 -march=native
10000,4,100,47,2.15237,-O3 -march=native
10000,4,100,48,2.15236,-O3 -march=native
10000,4,100,49,2.07439,-O3 -march=native
10000,8,100,0,1.94465,-O3 -march=native
10000,8,100,1,1.91453,-O3 -march=native
10000,8,100,2,1.84565,-O3 -march=native
10000,8,100,3,1.84018,-O3 -march=native
10000,8,100,4,1.85848,-O3 -march=native
10000,8,100,5,1.84676,-O3 -march=native
10000,8,100,6,1.84405,-O3 -march=native
10000,8,100,7,1.84694,-O3 -march=native
10000,8,100,8,1.84897,-O3 -march=native
10000,8,100,9,1.84222,-O3 -march=native
10000,8,100,10,1.84887,-O3 -march=native
10000,8,100,11,1.84893,-O3 -march=native
10000,8,100,12,1.83995,-O3 -march=native
10000,8,100,13,1.8381,-O3 -march=native
10000,8,100,14,1.84546,-O3 -march=native
10000,8,100,15,1.84648,-O3 -march=native
10000,8,100,16,1.84465,-O3 -march=native
10000,8,100,17,1.83718,-O3 -march=native
10000,8,100,18,1.84459,-O3 -march=native
10000,8,100,19,1.84658,-O3 -march=native
10000,8,100,20,1.83613,-O3 -march=native
10000,8,100,21,1.84925,-O3 -march=native
10000,8,100,22,1.84299,-O3 -march=native
10000,8,100,23,1.84717,-O3 -march=native
10000,8,100,24,1.86334,-O3 -march=native
10000,8,100,25,1.84325,-O3 -march=native
10000,8,100,26,1.84234,-O3 -march=native
10000,8,100,27,1.84135,-O3 -march=native
10000,8,100,28,1.84778,-O3 -march=native
10000,8,100,29,1.84601,-O3 -march=native
10000,8,100,30,1.84004,-O3 -march=native
10000,8,100,31,1.84444,-O3 -march=native
10000,8,100,32,1.84083,-O3 -march=native
10000,8,100,33,1.8406,-O3 -march=native
10000,8,100,34,1.85006,-O3 -march=native
10000,8,100,35,1.93054,-O3 -march=native
10000,8,100,36,1.88876,-O3 -march=native
10000,8,100,37,1.87583,-O3 -march=native
10000,8,100,38,1.84947,-O3 -march=native
10000,8,100,39,1.84961,-O3 -march=native
10000,8,100,40,1.85337,-O3 -march=native
10000,8,100,41,1.84083,-O3 -march=native
10000,8,100,42,1.84699,-O3 -march=native
10000,8,100,43,1.84177,-O3 -march=native
10000,8,100,44,1.84483,-O3 -march=native
10000,8,100,45,1.83969,-O3 -march=native
10000,8,100,46,1.84203,-O3 -march=native
10000,8,100,47,1.84106,-O3 -march=native
10000,8,100,48,1.84063,-O3 -march=native
10000,8,100,49,1.84796,-O3 -march=native
10000,10,100,0,1.81829,-O3 -march=native
10000,10,100,1,1.80933,-O3 -march=native
10000,10,100,2,1.80451,-O3 -march=native
10000,10,100,3,1.79091,-O3 -march=native
10000,10,100,4,1.8109,-O3 -march=native
10000,10,100,5,1.79321,-O3 -march=native
10000,10,100,6,1.82271,-O3 -march=native
10000,10,100,7,1.80016,-O3 -march=native
10000,10,100,8,1.79371,-O3 -march=native
10000,10,100,9,1.80711,-O3 -march=native
10000,10,100,10,1.80231,-O3 -march=native
10000,10,100,11,1.78785,-O3 -march=native
10000,10,100,12,1.80518,-O3 -march=native
10000,10,100,13,1.79502,-O3 -march=native
10000,10,100,14,1.7809,-O3 -march=native
10000,10,100,15,1.81231,-O3 -march=native
10000,10,100,16,1.80274,-O3 -march=native
10000,10,100,17,1.79236,-O3 -march=native
10000,10,100,18,1.8124,-O3 -march=native
10000,10,100,19,1.78902,-O3 -march=native
10000,10,100,20,1.79124,-O3 -march=native
10000,10,100,21,1.81162,-O3 -march=native
10000,10,100,22,1.79538,-O3 -march=native
10000,10,100,23,1.80413,-O3 -march=native
10000,10,100,24,1.7928,-O3 -march=native
10000,10,100,25,1.79193,-O3 -march=native
10000,10,100,26,1.80834,-O3 -march=native
10000,10,100,27,1.79403,-O3 -march=native
10000,10,100,28,1.80474,-O3 -march=native
10000,10,100,29,1.80329,-O3 -march=native
10000,10,100,30,1.79976,-O3 -march=native
10000,10,100,31,1.79904,-O3 -march=native
10000,10,100,32,1.8219,-O3 -march=native
10000,10,100,33,1.81837,-O3 -march=native
10000,10,100,34,1.80252,-O3 -march=native
10000,10,100,35,1.81172,-O3 -march=native
10000,10,100,36,1.79278,-O3 -march=native
10000,10,100,37,1.79379,-O3 -march=native
10000,10,100,38,1.8333,-O3 -march=native
10000,10,100,39,1.82561,-O3 -march=native
10000,10,100,40,1.82462,-O3 -march=native
10000,10,100,41,1.8016,-O3 -march=native
10000,10,100,42,1.8,-O3 -march=native
10000,10,100,43,1.80469,-O3 -march=native
10000,10,100,44,1.79343,-O3 -march=native
10000,10,100,45,1.79562,-O3 -march=native
10000,10,100,46,1.811,-O3 -march=native
10000,10,100,47,1.79279,-O3 -march=native
10000,10,100,48,1.7921,-O3 -march=native
10000,10,100,49,1.81149,-O3 -march=native
10000,10,100,0,1.84305,-O3 -march=native
10000,10,100,1,1.80423,-O3 -march=native
10000,10,100,2,1.79616,-O3 -march=native
10000,10,100,3,1.80327,-O3 -march=native
10000,10,100,4,1.80972,-O3 -march=native
10000,10,100,5,1.79792,-O3 -march=native
10000,10,100,6,1.81016,-O3 -march=native
10000,10,100,7,1.79629,-O3 -march=native
10000,10,100,8,1.79956,-O3 -march=native
10000,10,100,9,1.80149,-O3 -march=native
10000,10,100,10,1.80831,-O3 -march=native
10000,10,100,11,1.80018,-O3 -march=native
10000,10,100,12,1.8121,-O3 -march=native
10000,10,100,13,1.80089,-O3 -march=native
10000,10,100,14,1.79449,-O3 -march=native
10000,10,100,15,1.80126,-O3 -march=native
10000,10,100,16,1.79982,-O3 -march=native
10000,10,100,17,1.80043,-O3 -march=native
10000,10,100,18,1.79683,-O3 -march=native
10000,10,100,19,1.79731,-O3 -march=native
10000,10,100,20,1.81986,-O3 -march=native
10000,10,100,21,1.80878,-O3 -march=native
10000,10,100,22,1.80199,-O3 -march=native
10000,10,100,23,1.79663,-O3 -march=native
10000,10,100,24,1.80016,-O3 -march=native
10000,10,100,25,1.7927,-O3 -march=native
10000,10,100,26,1.81519,-O3 -march=native
10000,10,100,27,1.79957,-O3 -march=native
10000,10,100,28,1.79641,-O3 -march=native
10000,10,100,29,1.79129,-O3 -march=native
10000,10,100,30,1.79533,-O3 -march=native
10000,10,100,31,1.79574,-O3 -march=native
10000,10,100,32,1.80081,-O3 -march=native
10000,10,100,33,1.80197,-O3 -march=native
10000,10,100,34,1.79601,-O3 -march=native
10000,10,100,35,1.79769,-O3 -march=native
10000,10,100,36,1.7879,-O3 -march=native
10000,10,100,37,1.7992,-O3 -march=native
10000,10,100,38,1.80385,-O3 -march=native
10000,10,100,39,1.7984,-O3 -march=native
10000,10,100,40,1.79456,-O3 -march=native
10000,10,100,41,1.81039,-O3 -march=native
10000,10,100,42,1.80095,-O3 -march=native
10000,10,100,43,1.79857,-O3 -march=native
10000,10,100,44,1.79514,-O3 -march=native
10000,10,100,45,1.79728,-O3 -march=native
10000,10,100,46,1.79003,-O3 -march=native
10000,10,100,47,1.79371,-O3 -march=native
10000,10,100,48,1.804,-O3 -march=native
10000,10,100,49,1.8104,-O3 -march=native
10000,16,100,0,1.88338,-O3 -march=native
10000,16,100,1,1.86003,-O3 -march=native
10000,16,100,2,1.90402,-O3 -march=native
10000,16,100,3,1.87119,-O3 -march=native
10000,16,100,4,1.86054,-O3 -march=native
10000,16,100,5,1.85649,-O3 -march=native
10000,16,100,6,1.85914,-O3 -march=native
10000,16,100,7,1.85925,-O3 -march=native
10000,16,100,8,1.85854,-O3 -march=native
10000,16,100,9,1.85619,-O3 -march=native
10000,16,100,10,1.85404,-O3 -march=native
10000,16,100,11,1.85956,-O3 -march=native
10000,16,100,12,1.85767,-O3 -march=native
10000,16,100,13,1.85834,-O3 -march=native
10000,16,100,14,1.85561,-O3 -march=native
10000,16,100,15,1.85919,-O3 -march=native
10000,16,100,16,1.85643,-O3 -march=native
10000,16,100,17,1.85508,-O3 -march=native
10000,16,100,18,1.86563,-O3 -march=native
10000,16,100,19,1.86488,-O3 -march=native
10000,16,100,20,1.85949,-O3 -march=native
10000,16,100,21,1.86151,-O3 -march=native
10000,16,100,22,1.86195,-O3 -march=native
10000,16,100,23,1.85787,-O3 -march=native
10000,16,100,24,1.85862,-O3 -march=native
10000,16,100,25,1.86271,-O3 -march=native
10000,16,100,26,1.8605,-O3 -march=native
10000,16,100,27,1.86142,-O3 -march=native
10000,16,100,28,1.86151,-O3 -march=native
10000,16,100,29,1.86,-O3 -march=native
10000,16,100,30,1.8585,-O3 -march=native
10000,16,100,31,1.85686,-O3 -march=native
10000,16,100,32,1.85701,-O3 -march=native
10000,16,100,33,1.85989,-O3 -march=native
10000,16,100,34,1.86962,-O3 -march=native
10000,16,100,35,1.85878,-O3 -march=native
10000,16,100,36,1.8572,-O3 -march=native
10000,16,100,37,1.85558,-O3 -march=native
10000,16,100,38,1.85976,-O3 -march=native
10000,16,100,39,1.8645,-O3 -march=native
10000,16,100,40,1.85629,-O3 -march=native
10000,16,100,41,1.85949,-O3 -march=native
10000,16,100,42,1.85826,-O3 -march=native
10000,16,100,43,1.86183,-O3 -march=native
10000,16,100,44,1.86022,-O3 -march=native
10000,16,100,45,1.86223,-O3 -march=native
10000,16,100,46,1.85772,-O3 -march=native
10000,16,100,47,1.85912,-O3 -march=native
10000,16,100,48,1.85637,-O3 -march=native
10000,16,100,49,1.86179,-O3 -march=native
10000,32,100,0,1.86805,-O3 -march=native
10000,32,100,1,1.90569,-O3 -march=native
10000,32,100,2,1.87058,-O3 -march=native
10000,32,100,3,1.87337,-O3 -march=native
10000,32,100,4,1.87221,-O3 -march=native
10000,32,100,5,1.87004,-O3 -march=native
10000,32,100,6,1.86465,-O3 -march=native
10000,32,100,7,1.85828,-O3 -march=native
10000,32,100,8,1.85751,-O3 -march=native
10000,32,100,9,1.85769,-O3 -march=native
10000,32,100,10,1.85668,-O3 -march=native
10000,32,100,11,1.85833,-O3 -march=native
10000,32,100,12,1.86205,-O3 -march=native
10000,32,100,13,1.86078,-O3 -march=native
10000,32,100,14,1.85971,-O3 -march=native
10000,32,100,15,1.87044,-O3 -march=native
10000,32,100,16,1.86193,-O3 -march=native
10000,32,100,17,1.85804,-O3 -march=native
10000,32,100,18,1.85986,-O3 -march=native
10000,32,100,19,1.86071,-O3 -march=native
10000,32,100,20,1.85548,-O3 -march=native
10000,32,100,21,1.85681,-O3 -march=native
10000,32,100,22,1.86221,-O3 -march=native
10000,32,100,23,1.85537,-O3 -march=native
10000,32,100,24,1.85923,-O3 -march=native
10000,32,100,25,1.85657,-O3 -march=native
10000,32,100,26,1.85606,-O3 -march=native
10000,32,100,27,1.86125,-O3 -march=native
10000,32,100,28,1.85822,-O3 -march=native
10000,32,100,29,1.85785,-O3 -march=native
10000,32,100,30,1.86786,-O3 -march=native
10000,32,100,31,1.86462,-O3 -march=native
10000,32,100,32,1.85509,-O3 -march=native
10000,32,100,33,1.86966,-O3 -march=native
10000,32,100,34,1.89354,-O3 -march=native
10000,32,100,35,1.85966,-O3 -march=native
10000,32,100,36,1.85819,-O3 -march=native
10000,32,100,37,1.85695,-O3 -march=native
10000,32,100,38,1.85713,-O3 -march=native
10000,32,100,39,1.85678,-O3 -march=native
10000,32,100,40,1.86602,-O3 -march=native
10000,32,100,41,1.86611,-O3 -march=native
10000,32,100,42,1.86298,-O3 -march=native
10000,32,100,43,1.86588,-O3 -march=native
10000,32,100,44,1.8612,-O3 -march=native
10000,32,100,45,1.86221,-O3 -march=native
10000,32,100,46,1.86364,-O3 -march=native
10000,32,100,47,1.86188,-O3 -march=native
10000,32,100,48,1.85399,-O3 -march=native
10000,32,100,49,1.85905,-O3 -march=native
10000,64,100,0,1.86522,-O3 -march=native
10000,64,100,1,1.87313,-O3 -march=native
10000,64,100,2,1.8598,-O3 -march=native
10000,64,100,3,1.85399,-O3 -march=native
10000,64,100,4,1.8538,-O3 -march=native
10000,64,100,5,1.85439,-O3 -march=native
10000,64,100,6,1.85318,-O3 -march=native
10000,64,100,7,1.85409,-O3 -march=native
10000,64,100,8,1.85414,-O3 -march=native
10000,64,100,9,1.85324,-O3 -march=native
10000,64,100,10,1.85142,-O3 -march=native
10000,64,100,11,1.85358,-O3 -march=native
10000,64,100,12,1.85253,-O3 -march=native
10000,64,100,13,1.85402,-O3 -march=native
10000,64,100,14,1.85581,-O3 -march=native
10000,64,100,15,1.85547,-O3 -march=native
10000,64,100,16,1.85827,-O3 -march=native
10000,64,100,17,1.85335,-O3 -march=native
10000,64,100,18,1.85439,-O3 -march=native
10000,64,100,19,1.85343,-O3 -march=native
10000,64,100,20,1.85429,-O3 -march=native
10000,64,100,21,1.85438,-O3 -march=native
10000,64,100,22,1.85456,-O3 -march=native
10000,64,100,23,1.85801,-O3 -march=native
10000,64,100,24,1.85305,-O3 -march=native
10000,64,100,25,1.85374,-O3 -march=native
10000,64,100,26,1.85748,-O3 -march=native
10000,64,100,27,1.85757,-O3 -march=native
10000,64,100,28,1.85298,-O3 -march=native
10000,64,100,29,1.85331,-O3 -march=native
10000,64,100,30,1.85317,-O3 -march=native
10000,64,100,31,1.85622,-O3 -march=native
10000,64,100,32,1.85478,-O3 -march=native
10000,64,100,33,1.85534,-O3 -march=native
10000,64,100,34,1.85736,-O3 -march=native
10000,64,100,35,1.85588,-O3 -march=native
10000,64,100,36,1.85721,-O3 -march=native
10000,64,100,37,1.85898,-O3 -march=native
10000,64,100,38,1.85877,-O3 -march=native
10000,64,100,39,1.85827,-O3 -march=native
10000,64,100,40,1.85868,-O3 -march=native
10000,64,100,41,1.85781,-O3 -march=native
10000,64,100,42,1.8599,-O3 -march=native
10000,64,100,43,1.85818,-O3 -march=native
10000,64,100,44,1.85863,-O3 -march=native
10000,64,100,45,1.85697,-O3 -march=native
10000,64,100,46,1.85635,-O3 -march=native
10000,64,100,47,1.85466,-O3 -march=native
10000,64,100,48,1.85873,-O3 -march=native
10000,64,100,49,1.85454,-O3 -march=native
10000,128,100,0,1.8873,-O3 -march=native
10000,128,100,1,1.88025,-O3 -march=native
10000,128,100,2,1.86579,-O3 -march=native
10000,128,100,3,1.86636,-O3 -march=native
10000,128,100,4,1.8666,-O3 -march=native
10000,128,100,5,1.86728,-O3 -march=native
10000,128,100,6,1.86412,-O3 -march=native
10000,128,100,7,1.86418,-O3 -march=native
10000,128,100,8,1.86414,-O3 -march=native
10000,128,100,9,1.86472,-O3 -march=native
10000,128,100,10,1.86474,-O3 -march=native
10000,128,100,11,1.8657,-O3 -march=native
10000,128,100,12,1.86453,-O3 -march=native
10000,128,100,13,1.86666,-O3 -march=native
10000,128,100,14,1.86607,-O3 -march=native
10000,128,100,15,1.86616,-O3 -march=native
10000,128,100,16,1.86722,-O3 -march=native
10000,128,100,17,1.86395,-O3 -march=native
10000,128,100,18,1.8659,-O3 -march=native
10000,128,100,19,1.86542,-O3 -march=native
10000,128,100,20,1.86483,-O3 -march=native
10000,128,100,21,1.86605,-O3 -march=native
10000,128,100,22,1.86505,-O3 -march=native
10000,128,100,23,1.86338,-O3 -march=native
10000,128,100,24,1.86383,-O3 -march=native
10000,128,100,25,1.8645,-O3 -march=native
10000,128,100,26,1.86347,-O3 -march=native
10000,128,100,27,1.86342,-O3 -march=native
10000,128,100,28,1.86533,-O3 -march=native
10000,128,100,29,1.86486,-O3 -march=native
10000,128,100,30,1.8652,-O3 -march=native
10000,128,100,31,1.86763,-O3 -march=native
10000,128,100,32,1.86891,-O3 -march=native
10000,128,100,33,1.86387,-O3 -march=native
10000,128,100,34,1.86627,-O3 -march=native
10000,128,100,35,1.86401,-O3 -march=native
10000,128,100,36,1.8655,-O3 -march=native
10000,128,100,37,1.86582,-O3 -march=native
10000,128,100,38,1.86559,-O3 -march=native
10000,128,100,39,1.86568,-O3 -march=native
10000,128,100,40,1.86458,-O3 -march=native
10000,128,100,41,1.86613,-O3 -march=native
10000,128,100,42,1.86419,-O3 -march=native
10000,128,100,43,1.86494,-O3 -march=native
10000,128,100,44,1.86441,-O3 -march=native
10000,128,100,45,1.8658,-O3 -march=native
10000,128,100,46,1.86463,-O3 -march=native
10000,128,100,47,1.86836,-O3 -march=native
10000,128,100,48,1.86502,-O3 -march=native
10000,128,100,49,1.86439,-O3 -march=native
