1000,10,100,0,0.0105027,-O3 -march=native
1000,10,100,1,0.0095819,-O3 -march=native
1000,10,100,2,0.0092481,-O3 -march=native
1000,10,100,3,0.0094686,-O3 -march=native
1000,10,100,4,0.0091368,-O3 -march=native
1000,10,100,5,0.0088846,-O3 -march=native
1000,10,100,6,0.0092155,-O3 -march=native
1000,10,100,7,0.0090229,-O3 -march=native
1000,10,100,8,0.0088885,-O3 -march=native
1000,10,100,9,0.0090378,-O3 -march=native
1000,10,100,10,0.0089306,-O3 -march=native
1000,10,100,11,0.0088131,-O3 -march=native
1000,10,100,12,0.0089164,-O3 -march=native
1000,10,100,13,0.0087442,-O3 -march=native
1000,10,100,14,0.0088052,-O3 -march=native
1000,10,100,15,0.0087891,-O3 -march=native
1000,10,100,16,0.0081328,-O3 -march=native
1000,10,100,17,0.0081413,-O3 -march=native
1000,10,100,18,0.0078519,-O3 -march=native
1000,10,100,19,0.0079176,-O3 -march=native
1000,10,100,20,0.0079259,-O3 -march=native
1000,10,100,21,0.0078285,-O3 -march=native
1000,10,100,22,0.0079774,-O3 -march=native
1000,10,100,23,0.0082543,-O3 -march=native
1000,10,100,24,0.009343,-O3 -march=native
1000,10,100,25,0.007929,-O3 -march=native
1000,10,100,26,0.0079254,-O3 -march=native
1000,10,100,27,0.0079211,-O3 -march=native
1000,10,100,28,0.0078695,-O3 -march=native
1000,10,100,29,0.0078947,-O3 -march=native
1000,10,100,30,0.0079307,-O3 -march=native
1000,10,100,31,0.0078901,-O3 -march=native
1000,10,100,32,0.0079209,-O3 -march=native
1000,10,100,33,0.0078593,-O3 -march=native
1000,10,100,34,0.0084886,-O3 -march=native
1000,10,100,35,0.0086169,-O3 -march=native
1000,10,100,36,0.008611,-O3 -march=native
1000,10,100,37,0.0086008,-O3 -march=native
1000,10,100,38,0.008651,-O3 -march=native
1000,10,100,39,0.0086293,-O3 -march=native
1000,10,100,40,0.0086662,-O3 -march=native
1000,10,100,41,0.0086246,-O3 -march=native
1000,10,100,42,0.0086462,-O3 -march=native
1000,10,100,43,0.0089058,-O3 -march=native
1000,10,100,44,0.0086235,-O3 -march=native
1000,10,100,45,0.0086055,-O3 -march=native
1000,10,100,46,0.008721,-O3 -march=native
1000,10,100,47,0.0086642,-O3 -march=native
1000,10,100,48,0.0086669,-O3 -march=native
1000,10,100,49,0.008648,-O3 -march=native
2000,10,100,0,0.048088,-O3 -march=native
2000,10,100,1,0.0363804,-O3 -march=native
2000,10,100,2,0.0414242,-O3 -march=native
2000,10,100,3,0.0388116,-O3 -march=native
2000,10,100,4,0.0404102,-O3 -march=native
2000,10,100,5,0.0433428,-O3 -march=native
2000,10,100,6,0.0423357,-O3 -march=native
2000,10,100,7,0.0499273,-O3 -march=native
2000,10,100,8,0.0475743,-O3 -march=native
2000,10,100,9,0.0379104,-O3 -march=native
2000,10,100,10,0.0376914,-O3 -march=native
2000,10,100,11,0.0373988,-O3 -march=native
2000,10,100,12,0.0382107,-O3 -march=native
2000,10,100,13,0.0415576,-O3 -march=native
2000,10,100,14,0.0426759,-O3 -march=native
2000,10,100,15,0.0535474,-O3 -march=native
2000,10,100,16,0.0458434,-O3 -march=native
2000,10,100,17,0.0427356,-O3 -march=native
2000,10,100,18,0.040875,-O3 -march=native
2000,10,100,19,0.0401146,-O3 -march=native
2000,10,100,20,0.042726,-O3 -march=native
2000,10,100,21,0.044547,-O3 -march=native
2000,10,100,22,0.0489984,-O3 -march=native
2000,10,100,23,0.0473473,-O3 -march=native
2000,10,100,24,0.0491657,-O3 -march=native
2000,10,100,25,0.0474136,-O3 -march=native
2000,10,100,26,0.0465665,-O3 -march=native
2000,10,100,27,0.0469753,-O3 -march=native
2000,10,100,28,0.0461207,-O3 -march=native
2000,10,100,29,0.0456718,-O3 -march=native
2000,10,100,30,0.0465656,-O3 -march=native
2000,10,100,31,0.0467471,-O3 -march=native
2000,10,100,32,0.0451451,-O3 -march=native
2000,10,100,33,0.0436958,-O3 -march=native
2000,10,100,34,0.0437361,-O3 -march=native
2000,10,100,35,0.0375808,-O3 -march=native
2000,10,100,36,0.0380352,-O3 -march=native
2000,10,100,37,0.037793,-O3 -march=native
2000,10,100,38,0.0392264,-O3 -march=native
2000,10,100,39,0.0430269,-O3 -march=native
2000,10,100,40,0.0422733,-O3 -march=native
2000,10,100,41,0.0453573,-O3 -march=native
2000,10,100,42,0.0439079,-O3 -march=native
2000,10,100,43,0.0461245,-O3 -march=native
2000,10,100,44,0.0447258,-O3 -march=native
2000,10,100,45,0.0442538,-O3 -march=native
2000,10,100,46,0.0436969,-O3 -march=native
2000,10,100,47,0.0431143,-O3 -march=native
2000,10,100,48,0.0429542,-O3 -march=native
2000,10,100,49,0.0375613,-O3 -march=native
3000,10,100,0,0.146544,-O3 -march=native
3000,10,100,1,0.138839,-O3 -march=native
3000,10,100,2,0.161004,-O3 -march=native
3000,10,100,3,0.148013,-O3 -march=native
3000,10,100,4,0.154607,-O3 -march=native
3000,10,100,5,0.145542,-O3 -march=native
3000,10,100,6,0.154286,-O3 -march=native
3000,10,100,7,0.153665,-O3 -march=native
3000,10,100,8,0.141138,-O3 -march=native
3000,10,100,9,0.146766,-O3 -march=native
3000,10,100,10,0.144065,-O3 -march=native
3000,10,100,11,0.147098,-O3 -march=native
3000,10,100,12,0.145766,-O3 -march=native
3000,10,100,13,0.140711,-O3 -march=native
3000,10,100,14,0.141337,-O3 -march=native
3000,10,100,15,0.129616,-O3 -march=native
3000,10,100,16,0.127623,-O3 -march=native
3000,10,100,17,0.129947,-O3 -march=native
3000,10,100,18,0.155059,-O3 -march=native
3000,10,100,19,0.131791,-O3 -march=native
3000,10,100,20,0.133079,-O3 -march=native
3000,10,100,21,0.132843,-O3 -march=native
3000,10,100,22,0.133393,-O3 -march=native
3000,10,100,23,0.130642,-O3 -march=native
3000,10,100,24,0.128374,-O3 -march=native
3000,10,100,25,0.12961,-O3 -march=native
3000,10,100,26,0.131898,-O3 -march=native
3000,10,100,27,0.133625,-O3 -march=native
3000,10,100,28,0.13062,-O3 -march=native
3000,10,100,29,0.133503,-O3 -march=native
3000,10,100,30,0.129404,-O3 -march=native
3000,10,100,31,0.131834,-O3 -march=native
3000,10,100,32,0.129909,-O3 -march=native
3000,10,100,33,0.133369,-O3 -march=native
3000,10,100,34,0.13269,-O3 -march=native
3000,10,100,35,0.142042,-O3 -march=native
3000,10,100,36,0.136569,-O3 -march=native
3000,10,100,37,0.134925,-O3 -march=native
3000,10,100,38,0.129929,-O3 -march=native
3000,10,100,39,0.135625,-O3 -march=native
3000,10,100,40,0.131558,-O3 -march=native
3000,10,100,41,0.133359,-O3 -march=native
3000,10,100,42,0.128886,-O3 -march=native
3000,10,100,43,0.129514,-O3 -march=native
3000,10,100,44,0.132018,-O3 -march=native
3000,10,100,45,0.131216,-O3 -march=native
3000,10,100,46,0.13031,-O3 -march=native
3000,10,100,47,0.134227,-O3 -march=native
3000,10,100,48,0.131531,-O3 -march=native
3000,10,100,49,0.131293,-O3 -march=native
4000,10,100,0,0.283446,-O3 -march=native
4000,10,100,1,0.269077,-O3 -march=native
4000,10,100,2,0.265978,-O3 -march=native
4000,10,100,3,0.264041,-O3 -march=native
4000,10,100,4,0.266529,-O3 -march=native
4000,10,100,5,0.264794,-O3 -march=native
4000,10,100,6,0.260681,-O3 -march=native
4000,10,100,7,0.264006,-O3 -march=native
4000,10,100,8,0.261569,-O3 -march=native
4000,10,100,9,0.267423,-O3 -march=native
4000,10,100,10,0.26306,-O3 -march=native
4000,10,100,11,0.263105,-O3 -march=native
4000,10,100,12,0.271935,-O3 -march=native
4000,10,100,13,0.285522,-O3 -march=native
4000,10,100,14,0.267786,-O3 -march=native
4000,10,100,15,0.267244,-O3 -march=native
4000,10,100,16,0.266686,-O3 -march=native
4000,10,100,17,0.262862,-O3 -march=native
4000,10,100,18,0.266395,-O3 -march=native
4000,10,100,19,0.263159,-O3 -march=native
4000,10,100,20,0.262626,-O3 -march=native
4000,10,100,21,0.261606,-O3 -march=native
4000,10,100,22,0.268337,-O3 -march=native
4000,10,100,23,0.260948,-O3 -march=native
4000,10,100,24,0.264699,-O3 -march=native
4000,10,100,25,0.261069,-O3 -march=native
4000,10,100,26,0.265034,-O3 -march=native
4000,10,100,27,0.262829,-O3 -march=native
4000,10,100,28,0.264138,-O3 -march=native
4000,10,100,29,0.261899,-O3 -march=native
4000,10,100,30,0.263069,-O3 -march=native
4000,10,100,31,0.266353,-O3 -march=native
4000,10,100,32,0.282133,-O3 -march=native
4000,10,100,33,0.262769,-O3 -march=native
4000,10,100,34,0.270259,-O3 -march=native
4000,10,100,35,0.27822,-O3 -march=native
4000,10,100,36,0.265514,-O3 -march=native
4000,10,100,37,0.265774,-O3 -march=native
4000,10,100,38,0.262264,-O3 -march=native
4000,10,100,39,0.267229,-O3 -march=native
4000,10,100,40,0.262874,-O3 -march=native
4000,10,100,41,0.262506,-O3 -march=native
4000,10,100,42,0.267087,-O3 -march=native
4000,10,100,43,0.279595,-O3 -march=native
4000,10,100,44,0.267943,-O3 -march=native
4000,10,100,45,0.261319,-O3 -march=native
4000,10,100,46,0.263956,-O3 -march=native
4000,10,100,47,0.265244,-O3 -march=native
4000,10,100,48,0.262236,-O3 -march=native
4000,10,100,49,0.261146,-O3 -march=native
5000,10,100,0,0.469113,-O3 -march=native
5000,10,100,1,0.459804,-O3 -march=native
5000,10,100,2,0.445177,-O3 -march=native
5000,10,100,3,0.443353,-O3 -march=native
5000,10,100,4,0.442741,-O3 -march=native
5000,10,100,5,0.448621,-O3 -march=native
5000,10,100,6,0.444684,-O3 -march=native
5000,10,100,7,0.458722,-O3 -march=native
5000,10,100,8,0.445863,-O3 -march=native
5000,10,100,9,0.439758,-O3 -march=native
5000,10,100,10,0.441304,-O3 -march=native
5000,10,100,11,0.445195,-O3 -march=native
5000,10,100,12,0.441975,-O3 -march=native
5000,10,100,13,0.441905,-O3 -march=native
5000,10,100,14,0.441184,-O3 -march=native
5000,10,100,15,0.442013,-O3 -march=native
5000,10,100,16,0.439504,-O3 -march=native
5000,10,100,17,0.44108,-O3 -march=native
5000,10,100,18,0.456868,-O3 -march=native
5000,10,100,19,0.45088,-O3 -march=native
5000,10,100,20,0.441519,-O3 -march=native
5000,10,100,21,0.441947,-O3 -march=native
5000,10,100,22,0.440441,-O3 -march=native
5000,10,100,23,0.441454,-O3 -march=native
5000,10,100,24,0.440591,-O3 -march=native
5000,10,100,25,0.440469,-O3 -march=native
5000,10,100,26,0.443696,-O3 -march=native
5000,10,100,27,0.444131,-O3 -march=native
5000,10,100,28,0.44086,-O3 -march=native
5000,10,100,29,0.446855,-O3 -march=native
5000,10,100,30,0.450788,-O3 -march=native
5000,10,100,31,0.442494,-O3 -march=native
5000,10,100,32,0.442258,-O3 -march=native
5000,10,100,33,0.440178,-O3 -march=native
5000,10,100,34,0.444703,-O3 -march=native
5000,10,100,35,0.442352,-O3 -march=native
5000,10,100,36,0.439844,-O3 -march=native
5000,10,100,37,0.441684,-O3 -march=native
5000,10,100,38,0.4411,-O3 -march=native
5000,10,100,39,0.43969,-O3 -march=native
5000,10,100,40,0.441378,-O3 -march=native
5000,10,100,41,0.459587,-O3 -march=native
5000,10,100,42,0.446784,-O3 -march=native
5000,10,100,43,0.442802,-O3 -march=native
5000,10,100,44,0.442661,-O3 -march=native
5000,10,100,45,0.44318,-O3 -march=native
5000,10,100,46,0.446923,-O3 -march=native
5000,10,100,47,0.441546,-O3 -march=native
5000,10,100,48,0.440185,-O3 -march=native
5000,10,100,49,0.440816,-O3 -march=native
10000,10,100,0,1.81829,-O3 -march=native
10000,10,100,1,1.80933,-O3 -march=native
10000,10,100,2,1.80451,-O3 -march=native
10000,10,100,3,1.79091,-O3 -march=native
10000,10,100,4,1.8109,-O3 -march=native
10000,10,100,5,1.79321,-O3 -march=native
10000,10,100,6,1.82271,-O3 -march=native
10000,10,100,7,1.80016,-O3 -march=native
10000,10,100,8,1.79371,-O3 -march=native
10000,10,100,9,1.80711,-O3 -march=native
10000,10,100,10,1.80231,-O3 -march=native
10000,10,100,11,1.78785,-O3 -march=native
10000,10,100,12,1.80518,-O3 -march=native
10000,10,100,13,1.79502,-O3 -march=native
10000,10,100,14,1.7809,-O3 -march=native
10000,10,100,15,1.81231,-O3 -march=native
10000,10,100,16,1.80274,-O3 -march=native
10000,10,100,17,1.79236,-O3 -march=native
10000,10,100,18,1.8124,-O3 -march=native
10000,10,100,19,1.78902,-O3 -march=native
10000,10,100,20,1.79124,-O3 -march=native
10000,10,100,21,1.81162,-O3 -march=native
10000,10,100,22,1.79538,-O3 -march=native
10000,10,100,23,1.80413,-O3 -march=native
10000,10,100,24,1.7928,-O3 -march=native
10000,10,100,25,1.79193,-O3 -march=native
10000,10,100,26,1.80834,-O3 -march=native
10000,10,100,27,1.79403,-O3 -march=native
10000,10,100,28,1.80474,-O3 -march=native
10000,10,100,29,1.80329,-O3 -march=native
10000,10,100,30,1.79976,-O3 -march=native
10000,10,100,31,1.79904,-O3 -march=native
10000,10,100,32,1.8219,-O3 -march=native
10000,10,100,33,1.81837,-O3 -march=native
10000,10,100,34,1.80252,-O3 -march=native
10000,10,100,35,1.81172,-O3 -march=native
10000,10,100,36,1.79278,-O3 -march=native
10000,10,100,37,1.79379,-O3 -march=native
10000,10,100,38,1.8333,-O3 -march=native
10000,10,100,39,1.82561,-O3 -march=native
10000,10,100,40,1.82462,-O3 -march=native
10000,10,100,41,1.8016,-O3 -march=native
10000,10,100,42,1.8,-O3 -march=native
10000,10,100,43,1.80469,-O3 -march=native
10000,10,100,44,1.79343,-O3 -march=native
10000,10,100,45,1.79562,-O3 -march=native
10000,10,100,46,1.811,-O3 -march=native
10000,10,100,47,1.79279,-O3 -march=native
10000,10,100,48,1.7921,-O3 -march=native
10000,10,100,49,1.81149,-O3 -march=native
10000,10,100,0,1.84305,-O3 -march=native
10000,10,100,1,1.80423,-O3 -march=native
10000,10,100,2,1.79616,-O3 -march=native
10000,10,100,3,1.80327,-O3 -march=native
10000,10,100,4,1.80972,-O3 -march=native
10000,10,100,5,1.79792,-O3 -march=native
10000,10,100,6,1.81016,-O3 -march=native
10000,10,100,7,1.79629,-O3 -march=native
10000,10,100,8,1.79956,-O3 -march=native
10000,10,100,9,1.80149,-O3 -march=native
10000,10,100,10,1.80831,-O3 -march=native
10000,10,100,11,1.80018,-O3 -march=native
10000,10,100,12,1.8121,-O3 -march=native
10000,10,100,13,1.80089,-O3 -march=native
10000,10,100,14,1.79449,-O3 -march=native
10000,10,100,15,1.80126,-O3 -march=native
10000,10,100,16,1.79982,-O3 -march=native
10000,10,100,17,1.80043,-O3 -march=native
10000,10,100,18,1.79683,-O3 -march=native
10000,10,100,19,1.79731,-O3 -march=native
10000,10,100,20,1.81986,-O3 -march=native
10000,10,100,21,1.80878,-O3 -march=native
10000,10,100,22,1.80199,-O3 -march=native
10000,10,100,23,1.79663,-O3 -march=native
10000,10,100,24,1.80016,-O3 -march=native
10000,10,100,25,1.7927,-O3 -march=native
10000,10,100,26,1.81519,-O3 -march=native
10000,10,100,27,1.79957,-O3 -march=native
10000,10,100,28,1.79641,-O3 -march=native
10000,10,100,29,1.79129,-O3 -march=native
10000,10,100,30,1.79533,-O3 -march=native
10000,10,100,31,1.79574,-O3 -march=native
10000,10,100,32,1.80081,-O3 -march=native
10000,10,100,33,1.80197,-O3 -march=native
10000,10,100,34,1.79601,-O3 -march=native
10000,10,100,35,1.79769,-O3 -march=native
10000,10,100,36,1.7879,-O3 -march=native
10000,10,100,37,1.7992,-O3 -march=native
10000,10,100,38,1.80385,-O3 -march=native
10000,10,100,39,1.7984,-O3 -march=native
10000,10,100,40,1.79456,-O3 -march=native
10000,10,100,41,1.81039,-O3 -march=native
10000,10,100,42,1.80095,-O3 -march=native
10000,10,100,43,1.79857,-O3 -march=native
10000,10,100,44,1.79514,-O3 -march=native
10000,10,100,45,1.79728,-O3 -march=native
10000,10,100,46,1.79003,-O3 -march=native
10000,10,100,47,1.79371,-O3 -march=native
10000,10,100,48,1.804,-O3 -march=native
10000,10,100,49,1.8104,-O3 -march=native