1000,10,100,0,0.0120772,-O3
1000,10,100,1,0.0107071,-O3
1000,10,100,2,0.010961,-O3
1000,10,100,3,0.0115382,-O3
1000,10,100,4,0.0112087,-O3
1000,10,100,5,0.0118299,-O3
1000,10,100,6,0.0125825,-O3
1000,10,100,7,0.0124735,-O3
1000,10,100,8,0.0132176,-O3
1000,10,100,9,0.0147508,-O3
1000,10,100,10,0.01369,-O3
1000,10,100,11,0.0136864,-O3
1000,10,100,12,0.0137455,-O3
1000,10,100,13,0.0139011,-O3
1000,10,100,14,0.0138052,-O3
1000,10,100,15,0.0137276,-O3
1000,10,100,16,0.0153797,-O3
1000,10,100,17,0.0155248,-O3
1000,10,100,18,0.014961,-O3
1000,10,100,19,0.0150988,-O3
1000,10,100,20,0.0149061,-O3
1000,10,100,21,0.0159158,-O3
1000,10,100,22,0.0160172,-O3
1000,10,100,23,0.0161732,-O3
1000,10,100,24,0.0157769,-O3
1000,10,100,25,0.0160516,-O3
1000,10,100,26,0.015823,-O3
1000,10,100,27,0.0157365,-O3
1000,10,100,28,0.0160895,-O3
1000,10,100,29,0.0154082,-O3
1000,10,100,30,0.0153202,-O3
1000,10,100,31,0.0158874,-O3
1000,10,100,32,0.0153428,-O3
1000,10,100,33,0.0157887,-O3
1000,10,100,34,0.0162879,-O3
1000,10,100,35,0.0158941,-O3
1000,10,100,36,0.0161816,-O3
1000,10,100,37,0.0164816,-O3
1000,10,100,38,0.0162751,-O3
1000,10,100,39,0.0164712,-O3
1000,10,100,40,0.0161258,-O3
1000,10,100,41,0.0157996,-O3
1000,10,100,42,0.0154508,-O3
1000,10,100,43,0.0158114,-O3
1000,10,100,44,0.0153451,-O3
1000,10,100,45,0.0153704,-O3
1000,10,100,46,0.015559,-O3
1000,10,100,47,0.0157778,-O3
1000,10,100,48,0.0157757,-O3
1000,10,100,49,0.0156377,-O3
2000,10,100,0,0.067497,-O3
2000,10,100,1,0.0699435,-O3
2000,10,100,2,0.0652404,-O3
2000,10,100,3,0.0702154,-O3
2000,10,100,4,0.0668848,-O3
2000,10,100,5,0.0648282,-O3
2000,10,100,6,0.0689121,-O3
2000,10,100,7,0.0700916,-O3
2000,10,100,8,0.0728741,-O3
2000,10,100,9,0.0730176,-O3
2000,10,100,10,0.0705436,-O3
2000,10,100,11,0.0696839,-O3
2000,10,100,12,0.0715413,-O3
2000,10,100,13,0.0698908,-O3
2000,10,100,14,0.0704537,-O3
2000,10,100,15,0.0698149,-O3
2000,10,100,16,0.0683335,-O3
2000,10,100,17,0.0658338,-O3
2000,10,100,18,0.0649029,-O3
2000,10,100,19,0.0652942,-O3
2000,10,100,20,0.0649806,-O3
2000,10,100,21,0.0640493,-O3
2000,10,100,22,0.0639554,-O3
2000,10,100,23,0.0639397,-O3
2000,10,100,24,0.0639497,-O3
2000,10,100,25,0.0708737,-O3
2000,10,100,26,0.0654637,-O3
2000,10,100,27,0.0642012,-O3
2000,10,100,28,0.0648924,-O3
2000,10,100,29,0.0652729,-O3
2000,10,100,30,0.0639144,-O3
2000,10,100,31,0.0646169,-O3
2000,10,100,32,0.0662782,-O3
2000,10,100,33,0.0640086,-O3
2000,10,100,34,0.0649519,-O3
2000,10,100,35,0.0649584,-O3
2000,10,100,36,0.0644246,-O3
2000,10,100,37,0.0647522,-O3
2000,10,100,38,0.0640884,-O3
2000,10,100,39,0.0642739,-O3
2000,10,100,40,0.0670937,-O3
2000,10,100,41,0.0649657,-O3
2000,10,100,42,0.0633882,-O3
2000,10,100,43,0.0656359,-O3
2000,10,100,44,0.0646868,-O3
2000,10,100,45,0.0643791,-O3
2000,10,100,46,0.0650571,-O3
2000,10,100,47,0.0645954,-O3
2000,10,100,48,0.0666701,-O3
2000,10,100,49,0.0641194,-O3
3000,10,100,0,0.204261,-O3
3000,10,100,1,0.190085,-O3
3000,10,100,2,0.189117,-O3
3000,10,100,3,0.186073,-O3
3000,10,100,4,0.181713,-O3
3000,10,100,5,0.169807,-O3
3000,10,100,6,0.17386,-O3
3000,10,100,7,0.165772,-O3
3000,10,100,8,0.162479,-O3
3000,10,100,9,0.161585,-O3
3000,10,100,10,0.16164,-O3
3000,10,100,11,0.159948,-O3
3000,10,100,12,0.159828,-O3
3000,10,100,13,0.160995,-O3
3000,10,100,14,0.161054,-O3
3000,10,100,15,0.161978,-O3
3000,10,100,16,0.158649,-O3
3000,10,100,17,0.160612,-O3
3000,10,100,18,0.16035,-O3
3000,10,100,19,0.161094,-O3
3000,10,100,20,0.160217,-O3
3000,10,100,21,0.160927,-O3
3000,10,100,22,0.160211,-O3
3000,10,100,23,0.160375,-O3
3000,10,100,24,0.159194,-O3
3000,10,100,25,0.159945,-O3
3000,10,100,26,0.160832,-O3
3000,10,100,27,0.160551,-O3
3000,10,100,28,0.16031,-O3
3000,10,100,29,0.161777,-O3
3000,10,100,30,0.16052,-O3
3000,10,100,31,0.160229,-O3
3000,10,100,32,0.159889,-O3
3000,10,100,33,0.160226,-O3
3000,10,100,34,0.161057,-O3
3000,10,100,35,0.179549,-O3
3000,10,100,36,0.167369,-O3
3000,10,100,37,0.169007,-O3
3000,10,100,38,0.163032,-O3
3000,10,100,39,0.159185,-O3
3000,10,100,40,0.160363,-O3
3000,10,100,41,0.159671,-O3
3000,10,100,42,0.1601,-O3
3000,10,100,43,0.158792,-O3
3000,10,100,44,0.163812,-O3
3000,10,100,45,0.161105,-O3
3000,10,100,46,0.160314,-O3
3000,10,100,47,0.160357,-O3
3000,10,100,48,0.15876,-O3
3000,10,100,49,0.158767,-O3
4000,10,100,0,0.317618,-O3
4000,10,100,1,0.297147,-O3
4000,10,100,2,0.299261,-O3
4000,10,100,3,0.288686,-O3
4000,10,100,4,0.292571,-O3
4000,10,100,5,0.307034,-O3
4000,10,100,6,0.305455,-O3
4000,10,100,7,0.297289,-O3
4000,10,100,8,0.289158,-O3
4000,10,100,9,0.295205,-O3
4000,10,100,10,0.289648,-O3
4000,10,100,11,0.293637,-O3
4000,10,100,12,0.290439,-O3
4000,10,100,13,0.286789,-O3
4000,10,100,14,0.293455,-O3
4000,10,100,15,0.294066,-O3
4000,10,100,16,0.292608,-O3
4000,10,100,17,0.29453,-O3
4000,10,100,18,0.291637,-O3
4000,10,100,19,0.287779,-O3
4000,10,100,20,0.294566,-O3
4000,10,100,21,0.292579,-O3
4000,10,100,22,0.291403,-O3
4000,10,100,23,0.292236,-O3
4000,10,100,24,0.28838,-O3
4000,10,100,25,0.291843,-O3
4000,10,100,26,0.29222,-O3
4000,10,100,27,0.291319,-O3
4000,10,100,28,0.289111,-O3
4000,10,100,29,0.29199,-O3
4000,10,100,30,0.291447,-O3
4000,10,100,31,0.288958,-O3
4000,10,100,32,0.291251,-O3
4000,10,100,33,0.288114,-O3
4000,10,100,34,0.287817,-O3
4000,10,100,35,0.288437,-O3
4000,10,100,36,0.292126,-O3
4000,10,100,37,0.289689,-O3
4000,10,100,38,0.29126,-O3
4000,10,100,39,0.292878,-O3
4000,10,100,40,0.296577,-O3
4000,10,100,41,0.296282,-O3
4000,10,100,42,0.28958,-O3
4000,10,100,43,0.301757,-O3
4000,10,100,44,0.309195,-O3
4000,10,100,45,0.299978,-O3
4000,10,100,46,0.2895,-O3
4000,10,100,47,0.291006,-O3
4000,10,100,48,0.309584,-O3
4000,10,100,49,0.293306,-O3
5000,10,100,0,0.495893,-O3
5000,10,100,1,0.486109,-O3
5000,10,100,2,0.484843,-O3
5000,10,100,3,0.493795,-O3
5000,10,100,4,0.50347,-O3
5000,10,100,5,0.499982,-O3
5000,10,100,6,0.484367,-O3
5000,10,100,7,0.494843,-O3
5000,10,100,8,0.486425,-O3
5000,10,100,9,0.481557,-O3
5000,10,100,10,0.478463,-O3
5000,10,100,11,0.484331,-O3
5000,10,100,12,0.482231,-O3
5000,10,100,13,0.48354,-O3
5000,10,100,14,0.483107,-O3
5000,10,100,15,0.482216,-O3
5000,10,100,16,0.484842,-O3
5000,10,100,17,0.484519,-O3
5000,10,100,18,0.483485,-O3
5000,10,100,19,0.481845,-O3
5000,10,100,20,0.480739,-O3
5000,10,100,21,0.476302,-O3
5000,10,100,22,0.474621,-O3
5000,10,100,23,0.476368,-O3
5000,10,100,24,0.483262,-O3
5000,10,100,25,0.481279,-O3
5000,10,100,26,0.483039,-O3
5000,10,100,27,0.482858,-O3
5000,10,100,28,0.486325,-O3
5000,10,100,29,0.484338,-O3
5000,10,100,30,0.488018,-O3
5000,10,100,31,0.481693,-O3
5000,10,100,32,0.487146,-O3
5000,10,100,33,0.48359,-O3
5000,10,100,34,0.48433,-O3
5000,10,100,35,0.483248,-O3
5000,10,100,36,0.480051,-O3
5000,10,100,37,0.480997,-O3
5000,10,100,38,0.4822,-O3
5000,10,100,39,0.484567,-O3
5000,10,100,40,0.480747,-O3
5000,10,100,41,0.479341,-O3
5000,10,100,42,0.483063,-O3
5000,10,100,43,0.480965,-O3
5000,10,100,44,0.483108,-O3
5000,10,100,45,0.48386,-O3
5000,10,100,46,0.48357,-O3
5000,10,100,47,0.481879,-O3
5000,10,100,48,0.48016,-O3
5000,10,100,49,0.481673,-O3
10000,10,100,0,1.87276,-O3
10000,10,100,1,1.89397,-O3
10000,10,100,2,1.86627,-O3
10000,10,100,3,1.86426,-O3
10000,10,100,4,1.86667,-O3
10000,10,100,5,1.87215,-O3
10000,10,100,6,1.85575,-O3
10000,10,100,7,1.86067,-O3
10000,10,100,8,1.87623,-O3
10000,10,100,9,1.8748,-O3
10000,10,100,10,1.86477,-O3
10000,10,100,11,1.88162,-O3
10000,10,100,12,1.87039,-O3
10000,10,100,13,1.858,-O3
10000,10,100,14,1.86085,-O3
10000,10,100,15,1.87431,-O3
10000,10,100,16,1.86639,-O3
10000,10,100,17,1.86481,-O3
10000,10,100,18,1.86665,-O3
10000,10,100,19,1.85816,-O3
10000,10,100,20,1.85786,-O3
10000,10,100,21,1.86233,-O3
10000,10,100,22,1.86093,-O3
10000,10,100,23,1.8745,-O3
10000,10,100,24,1.87219,-O3
10000,10,100,25,1.86709,-O3
10000,10,100,26,1.85628,-O3
10000,10,100,27,1.86971,-O3
10000,10,100,28,1.86062,-O3
10000,10,100,29,1.85854,-O3
10000,10,100,30,1.85902,-O3
10000,10,100,31,1.87507,-O3
10000,10,100,32,1.8674,-O3
10000,10,100,33,1.8656,-O3
10000,10,100,34,1.86751,-O3
10000,10,100,35,1.86729,-O3
10000,10,100,36,1.86197,-O3
10000,10,100,37,1.86758,-O3
10000,10,100,38,1.86446,-O3
10000,10,100,39,1.86136,-O3
10000,10,100,40,1.8887,-O3
10000,10,100,41,1.86586,-O3
10000,10,100,42,1.87714,-O3
10000,10,100,43,1.86775,-O3
10000,10,100,44,1.87129,-O3
10000,10,100,45,1.88903,-O3
10000,10,100,46,1.88324,-O3
10000,10,100,47,1.86235,-O3
10000,10,100,48,1.86286,-O3
10000,10,100,49,1.86997,-O3
1000,10,100,0,0.849643,-O0
1000,10,100,1,0.832871,-O0
1000,10,100,2,0.816638,-O0
1000,10,100,3,0.835953,-O0
1000,10,100,4,0.841515,-O0
1000,10,100,5,0.827838,-O0
1000,10,100,6,0.824104,-O0
1000,10,100,7,0.810114,-O0
1000,10,100,8,0.819637,-O0
1000,10,100,9,0.840555,-O0
1000,10,100,10,0.838114,-O0
1000,10,100,11,0.814993,-O0
1000,10,100,12,0.824331,-O0
1000,10,100,13,0.821154,-O0
1000,10,100,14,0.824833,-O0
1000,10,100,15,0.811391,-O0
1000,10,100,16,0.814778,-O0
1000,10,100,17,0.824662,-O0
1000,10,100,18,0.8339,-O0
1000,10,100,19,0.809368,-O0
1000,10,100,20,0.818575,-O0
1000,10,100,21,0.848857,-O0
1000,10,100,22,0.825425,-O0
1000,10,100,23,0.846655,-O0
1000,10,100,24,0.832531,-O0
1000,10,100,25,0.837275,-O0
1000,10,100,26,0.812942,-O0
1000,10,100,27,0.831766,-O0
1000,10,100,28,0.820141,-O0
1000,10,100,29,0.841523,-O0
1000,10,100,30,0.848083,-O0
1000,10,100,31,0.831922,-O0
1000,10,100,32,0.805532,-O0
1000,10,100,33,0.817727,-O0
1000,10,100,34,0.852554,-O0
1000,10,100,35,0.840202,-O0
1000,10,100,36,0.820168,-O0
1000,10,100,37,0.825543,-O0
1000,10,100,38,0.824436,-O0
1000,10,100,39,0.816051,-O0
1000,10,100,40,0.820133,-O0
1000,10,100,41,0.878197,-O0
1000,10,100,42,0.832349,-O0
1000,10,100,43,0.809794,-O0
1000,10,100,44,0.82337,-O0
1000,10,100,45,0.863464,-O0
1000,10,100,46,0.815508,-O0
1000,10,100,47,0.836177,-O0
1000,10,100,48,0.833767,-O0
1000,10,100,49,0.829354,-O0
1000,10,100,50,0.822526,-O0
2000,10,100,0,3.36757,-O0
2000,10,100,1,3.49731,-O0
2000,10,100,2,3.43019,-O0
2000,10,100,3,3.39527,-O0
2000,10,100,4,3.43477,-O0
2000,10,100,5,3.43276,-O0
2000,10,100,6,3.41572,-O0
2000,10,100,7,3.49042,-O0
2000,10,100,8,3.60104,-O0
2000,10,100,9,3.64981,-O0
2000,10,100,10,3.55558,-O0
2000,10,100,11,3.53808,-O0
2000,10,100,12,3.54361,-O0
2000,10,100,13,3.54311,-O0
2000,10,100,14,3.5219,-O0
2000,10,100,15,3.52982,-O0
2000,10,100,16,3.55468,-O0
2000,10,100,17,3.51626,-O0
2000,10,100,18,3.52837,-O0
2000,10,100,19,3.53202,-O0
2000,10,100,20,3.49887,-O0
2000,10,100,21,3.48897,-O0
2000,10,100,22,3.53893,-O0
2000,10,100,23,3.48654,-O0
2000,10,100,24,3.52445,-O0
2000,10,100,25,3.50928,-O0
2000,10,100,26,3.48827,-O0
2000,10,100,27,3.46995,-O0
2000,10,100,28,3.56461,-O0
2000,10,100,29,3.53852,-O0
2000,10,100,30,3.5181,-O0
2000,10,100,31,3.5693,-O0
2000,10,100,32,3.472,-O0
2000,10,100,33,3.48603,-O0
2000,10,100,34,3.54471,-O0
2000,10,100,35,3.58905,-O0
2000,10,100,36,3.59297,-O0
2000,10,100,37,3.54967,-O0
2000,10,100,38,3.5536,-O0
2000,10,100,39,3.63083,-O0
2000,10,100,40,3.55081,-O0
2000,10,100,41,3.64924,-O0
2000,10,100,42,3.58784,-O0
2000,10,100,43,3.53064,-O0
2000,10,100,44,3.58259,-O0
2000,10,100,45,3.53214,-O0
2000,10,100,46,3.57385,-O0
2000,10,100,47,3.57504,-O0
2000,10,100,48,3.55874,-O0
2000,10,100,49,3.54899,-O0
2000,10,100,50,3.597,-O0
3000,10,100,0,7.48022,-O0
3000,10,100,1,7.50593,-O0
3000,10,100,2,7.5642,-O0
3000,10,100,3,7.67635,-O0
3000,10,100,4,7.65578,-O0
3000,10,100,5,7.66915,-O0
3000,10,100,6,7.62976,-O0
3000,10,100,7,7.77971,-O0
3000,10,100,8,7.96511,-O0
3000,10,100,9,7.93587,-O0
3000,10,100,10,7.96245,-O0
3000,10,100,11,7.80945,-O0
3000,10,100,12,7.87921,-O0
3000,10,100,13,7.87411,-O0
3000,10,100,14,7.93168,-O0
3000,10,100,15,7.79824,-O0
3000,10,100,16,7.85863,-O0
3000,10,100,17,7.8996,-O0
3000,10,100,18,7.81807,-O0
3000,10,100,19,7.82507,-O0
3000,10,100,20,7.82777,-O0
3000,10,100,21,7.83973,-O0
3000,10,100,22,7.79849,-O0
3000,10,100,23,7.83404,-O0
3000,10,100,24,7.84862,-O0
3000,10,100,25,7.92165,-O0
3000,10,100,26,7.8252,-O0
3000,10,100,27,7.87641,-O0
3000,10,100,28,7.83725,-O0
3000,10,100,29,7.85331,-O0
3000,10,100,30,7.96101,-O0
3000,10,100,31,7.87272,-O0
3000,10,100,32,7.91809,-O0
3000,10,100,33,7.84314,-O0
3000,10,100,34,7.99386,-O0
3000,10,100,35,7.88465,-O0
3000,10,100,36,7.89734,-O0
3000,10,100,37,7.78962,-O0
3000,10,100,38,7.85334,-O0
3000,10,100,39,7.85381,-O0
3000,10,100,40,7.83963,-O0
3000,10,100,41,7.83018,-O0
3000,10,100,42,7.82452,-O0
3000,10,100,43,7.80908,-O0
3000,10,100,44,7.82535,-O0
4000,10,100,0,12.7973,-O0
4000,10,100,1,12.9764,-O0
4000,10,100,2,13.3079,-O0
4000,10,100,3,13.3149,-O0
4000,10,100,4,13.385,-O0
4000,10,100,5,13.3833,-O0
4000,10,100,6,13.4492,-O0
4000,10,100,7,13.5142,-O0
4000,10,100,8,13.4219,-O0
4000,10,100,9,13.7545,-O0
4000,10,100,10,13.7349,-O0
4000,10,100,11,13.7585,-O0
4000,10,100,12,13.6799,-O0
4000,10,100,13,13.715,-O0
4000,10,100,14,13.6101,-O0
4000,10,100,15,13.6615,-O0
4000,10,100,16,13.6148,-O0
4000,10,100,17,13.7237,-O0
4000,10,100,18,13.6814,-O0
4000,10,100,19,13.5822,-O0
4000,10,100,20,13.6339,-O0
4000,10,100,21,13.6516,-O0
4000,10,100,22,13.6454,-O0
4000,10,100,23,13.5613,-O0
4000,10,100,24,13.5711,-O0
4000,10,100,25,13.5636,-O0
5000,10,100,0,19.932,-O0
5000,10,100,1,20.5714,-O0
5000,10,100,2,20.9209,-O0
5000,10,100,3,20.8945,-O0
5000,10,100,4,20.7837,-O0
5000,10,100,5,20.7829,-O0
5000,10,100,6,20.8168,-O0
5000,10,100,7,21.231,-O0
5000,10,100,8,21.3417,-O0
5000,10,100,9,21.2715,-O0
5000,10,100,10,21.323,-O0
5000,10,100,11,21.3391,-O0
5000,10,100,12,21.1342,-O0
5000,10,100,13,21.107,-O0
5000,10,100,14,21.1994,-O0
5000,10,100,15,21.0072,-O0
5000,10,100,16,21.1789,-O0
5000,10,100,17,21.2939,-O0
5000,10,100,18,21.1788,-O0
5000,10,100,19,21.2923,-O0
5000,10,100,20,21.1128,-O0
5000,10,100,21,21.159,-O0
5000,10,100,22,21.0774,-O0
5000,10,100,23,21.7167,-O0
5000,10,100,24,21.2387,-O0
5000,10,100,25,21.2242,-O0
10000,10,100,0,78.337,-O0
10000,10,100,1,80.7208,-O0
10000,10,100,2,81.716,-O0
10000,10,100,3,81.5029,-O0
10000,10,100,4,81.2667,-O0
10000,10,100,5,81.4774,-O0
10000,10,100,6,81.3388,-O0
10000,10,100,7,81.3812,-O0
10000,10,100,8,81.4896,-O0
10000,10,100,9,81.6178,-O0
10000,10,100,10,81.3807,-O0
10000,10,100,11,81.3898,-O0
10000,10,100,12,81.4083,-O0
10000,10,100,13,81.9234,-O0
10000,10,100,14,81.0196,-O0
10000,10,100,15,81.2718,-O0
10000,10,100,16,81.6194,-O0
10000,10,100,17,81.1889,-O0
10000,10,100,18,81.2329,-O0
1000,10,100,0,0.146943,-O2 -ftree-vectorize
1000,10,100,1,0.140124,-O2 -ftree-vectorize
1000,10,100,2,0.137713,-O2 -ftree-vectorize
1000,10,100,3,0.137149,-O2 -ftree-vectorize
1000,10,100,4,0.11388,-O2 -ftree-vectorize
1000,10,100,5,0.110141,-O2 -ftree-vectorize
1000,10,100,6,0.108956,-O2 -ftree-vectorize
1000,10,100,7,0.112045,-O2 -ftree-vectorize
1000,10,100,8,0.110488,-O2 -ftree-vectorize
1000,10,100,9,0.11014,-O2 -ftree-vectorize
1000,10,100,10,0.108855,-O2 -ftree-vectorize
1000,10,100,11,0.1088,-O2 -ftree-vectorize
1000,10,100,12,0.10949,-O2 -ftree-vectorize
1000,10,100,13,0.108605,-O2 -ftree-vectorize
1000,10,100,14,0.108737,-O2 -ftree-vectorize
1000,10,100,15,0.108793,-O2 -ftree-vectorize
1000,10,100,16,0.109251,-O2 -ftree-vectorize
1000,10,100,17,0.109038,-O2 -ftree-vectorize
1000,10,100,18,0.110459,-O2 -ftree-vectorize
1000,10,100,19,0.112577,-O2 -ftree-vectorize
1000,10,100,20,0.109562,-O2 -ftree-vectorize
1000,10,100,21,0.113173,-O2 -ftree-vectorize
1000,10,100,22,0.11348,-O2 -ftree-vectorize
1000,10,100,23,0.108977,-O2 -ftree-vectorize
1000,10,100,24,0.109559,-O2 -ftree-vectorize
1000,10,100,25,0.109164,-O2 -ftree-vectorize
1000,10,100,26,0.108736,-O2 -ftree-vectorize
1000,10,100,27,0.110379,-O2 -ftree-vectorize
1000,10,100,28,0.108803,-O2 -ftree-vectorize
1000,10,100,29,0.109176,-O2 -ftree-vectorize
1000,10,100,30,0.109518,-O2 -ftree-vectorize
1000,10,100,31,0.109126,-O2 -ftree-vectorize
1000,10,100,32,0.109144,-O2 -ftree-vectorize
1000,10,100,33,0.10884,-O2 -ftree-vectorize
1000,10,100,34,0.109324,-O2 -ftree-vectorize
1000,10,100,35,0.109076,-O2 -ftree-vectorize
1000,10,100,36,0.109567,-O2 -ftree-vectorize
1000,10,100,37,0.109191,-O2 -ftree-vectorize
1000,10,100,38,0.108955,-O2 -ftree-vectorize
1000,10,100,39,0.109553,-O2 -ftree-vectorize
1000,10,100,40,0.109043,-O2 -ftree-vectorize
1000,10,100,41,0.109585,-O2 -ftree-vectorize
1000,10,100,42,0.108909,-O2 -ftree-vectorize
1000,10,100,43,0.108952,-O2 -ftree-vectorize
1000,10,100,44,0.108792,-O2 -ftree-vectorize
1000,10,100,45,0.108749,-O2 -ftree-vectorize
1000,10,100,46,0.109082,-O2 -ftree-vectorize
1000,10,100,47,0.108972,-O2 -ftree-vectorize
1000,10,100,48,0.108973,-O2 -ftree-vectorize
1000,10,100,49,0.109604,-O2 -ftree-vectorize
1000,10,100,50,0.109501,-O2 -ftree-vectorize
2000,10,100,0,0.432202,-O2 -ftree-vectorize
2000,10,100,1,0.409677,-O2 -ftree-vectorize
2000,10,100,2,0.407175,-O2 -ftree-vectorize
2000,10,100,3,0.406664,-O2 -ftree-vectorize
2000,10,100,4,0.409487,-O2 -ftree-vectorize
2000,10,100,5,0.408984,-O2 -ftree-vectorize
2000,10,100,6,0.409558,-O2 -ftree-vectorize
2000,10,100,7,0.408802,-O2 -ftree-vectorize
2000,10,100,8,0.421235,-O2 -ftree-vectorize
2000,10,100,9,0.411824,-O2 -ftree-vectorize
2000,10,100,10,0.407802,-O2 -ftree-vectorize
2000,10,100,11,0.407221,-O2 -ftree-vectorize
2000,10,100,12,0.406936,-O2 -ftree-vectorize
2000,10,100,13,0.407966,-O2 -ftree-vectorize
2000,10,100,14,0.408474,-O2 -ftree-vectorize
2000,10,100,15,0.407514,-O2 -ftree-vectorize
2000,10,100,16,0.409158,-O2 -ftree-vectorize
2000,10,100,17,0.409096,-O2 -ftree-vectorize
2000,10,100,18,0.407878,-O2 -ftree-vectorize
2000,10,100,19,0.408912,-O2 -ftree-vectorize
2000,10,100,20,0.407989,-O2 -ftree-vectorize
2000,10,100,21,0.406804,-O2 -ftree-vectorize
2000,10,100,22,0.406873,-O2 -ftree-vectorize
2000,10,100,23,0.408435,-O2 -ftree-vectorize
2000,10,100,24,0.419936,-O2 -ftree-vectorize
2000,10,100,25,0.407332,-O2 -ftree-vectorize
2000,10,100,26,0.407164,-O2 -ftree-vectorize
2000,10,100,27,0.407556,-O2 -ftree-vectorize
2000,10,100,28,0.405613,-O2 -ftree-vectorize
2000,10,100,29,0.408372,-O2 -ftree-vectorize
2000,10,100,30,0.407038,-O2 -ftree-vectorize
2000,10,100,31,0.408859,-O2 -ftree-vectorize
2000,10,100,32,0.424917,-O2 -ftree-vectorize
2000,10,100,33,0.41228,-O2 -ftree-vectorize
2000,10,100,34,0.409361,-O2 -ftree-vectorize
2000,10,100,35,0.407722,-O2 -ftree-vectorize
2000,10,100,36,0.410712,-O2 -ftree-vectorize
2000,10,100,37,0.406498,-O2 -ftree-vectorize
2000,10,100,38,0.408355,-O2 -ftree-vectorize
2000,10,100,39,0.414361,-O2 -ftree-vectorize
2000,10,100,40,0.411699,-O2 -ftree-vectorize
2000,10,100,41,0.411321,-O2 -ftree-vectorize
2000,10,100,42,0.407069,-O2 -ftree-vectorize
2000,10,100,43,0.407512,-O2 -ftree-vectorize
2000,10,100,44,0.40877,-O2 -ftree-vectorize
2000,10,100,45,0.409256,-O2 -ftree-vectorize
2000,10,100,46,0.409302,-O2 -ftree-vectorize
2000,10,100,47,0.414957,-O2 -ftree-vectorize
2000,10,100,48,0.41189,-O2 -ftree-vectorize
2000,10,100,49,0.40837,-O2 -ftree-vectorize
2000,10,100,50,0.406151,-O2 -ftree-vectorize
3000,10,100,0,0.905314,-O2 -ftree-vectorize
3000,10,100,1,0.89776,-O2 -ftree-vectorize
3000,10,100,2,0.877571,-O2 -ftree-vectorize
3000,10,100,3,0.868908,-O2 -ftree-vectorize
3000,10,100,4,0.870399,-O2 -ftree-vectorize
3000,10,100,5,0.89496,-O2 -ftree-vectorize
3000,10,100,6,0.86539,-O2 -ftree-vectorize
3000,10,100,7,0.86911,-O2 -ftree-vectorize
3000,10,100,8,0.864913,-O2 -ftree-vectorize
3000,10,100,9,0.869225,-O2 -ftree-vectorize
3000,10,100,10,0.873621,-O2 -ftree-vectorize
3000,10,100,11,0.866892,-O2 -ftree-vectorize
3000,10,100,12,0.870561,-O2 -ftree-vectorize
3000,10,100,13,0.865019,-O2 -ftree-vectorize
3000,10,100,14,0.874175,-O2 -ftree-vectorize
3000,10,100,15,0.86003,-O2 -ftree-vectorize
3000,10,100,16,0.879224,-O2 -ftree-vectorize
3000,10,100,17,0.869715,-O2 -ftree-vectorize
3000,10,100,18,0.879321,-O2 -ftree-vectorize
3000,10,100,19,0.865819,-O2 -ftree-vectorize
3000,10,100,20,0.871785,-O2 -ftree-vectorize
3000,10,100,21,0.869521,-O2 -ftree-vectorize
3000,10,100,22,0.883001,-O2 -ftree-vectorize
3000,10,100,23,0.876806,-O2 -ftree-vectorize
3000,10,100,24,0.87056,-O2 -ftree-vectorize
3000,10,100,25,0.868094,-O2 -ftree-vectorize
3000,10,100,26,0.871572,-O2 -ftree-vectorize
3000,10,100,27,0.869395,-O2 -ftree-vectorize
3000,10,100,28,0.891403,-O2 -ftree-vectorize
3000,10,100,29,0.864251,-O2 -ftree-vectorize
3000,10,100,30,0.870681,-O2 -ftree-vectorize
3000,10,100,31,0.870792,-O2 -ftree-vectorize
3000,10,100,32,0.872835,-O2 -ftree-vectorize
3000,10,100,33,0.875481,-O2 -ftree-vectorize
3000,10,100,34,0.862854,-O2 -ftree-vectorize
3000,10,100,35,0.876719,-O2 -ftree-vectorize
3000,10,100,36,0.864936,-O2 -ftree-vectorize
3000,10,100,37,0.871672,-O2 -ftree-vectorize
3000,10,100,38,0.881826,-O2 -ftree-vectorize
3000,10,100,39,0.867989,-O2 -ftree-vectorize
3000,10,100,40,0.867398,-O2 -ftree-vectorize
3000,10,100,41,0.875709,-O2 -ftree-vectorize
3000,10,100,42,0.885385,-O2 -ftree-vectorize
3000,10,100,43,0.861967,-O2 -ftree-vectorize
3000,10,100,44,0.870638,-O2 -ftree-vectorize
3000,10,100,45,0.872517,-O2 -ftree-vectorize
3000,10,100,46,0.871142,-O2 -ftree-vectorize
3000,10,100,47,0.866211,-O2 -ftree-vectorize
3000,10,100,48,0.863296,-O2 -ftree-vectorize
3000,10,100,49,0.868243,-O2 -ftree-vectorize
3000,10,100,50,0.896215,-O2 -ftree-vectorize
4000,10,100,0,1.54758,-O2 -ftree-vectorize
4000,10,100,1,1.56041,-O2 -ftree-vectorize
4000,10,100,2,1.52959,-O2 -ftree-vectorize
4000,10,100,3,1.53057,-O2 -ftree-vectorize
4000,10,100,4,1.5634,-O2 -ftree-vectorize
4000,10,100,5,1.52566,-O2 -ftree-vectorize
4000,10,100,6,1.54221,-O2 -ftree-vectorize
4000,10,100,7,1.53714,-O2 -ftree-vectorize
4000,10,100,8,1.52725,-O2 -ftree-vectorize
4000,10,100,9,1.55362,-O2 -ftree-vectorize
4000,10,100,10,1.57444,-O2 -ftree-vectorize
4000,10,100,11,1.5451,-O2 -ftree-vectorize
4000,10,100,12,1.54046,-O2 -ftree-vectorize
4000,10,100,13,1.52494,-O2 -ftree-vectorize
4000,10,100,14,1.55013,-O2 -ftree-vectorize
4000,10,100,15,1.5415,-O2 -ftree-vectorize
4000,10,100,16,1.53143,-O2 -ftree-vectorize
4000,10,100,17,1.54401,-O2 -ftree-vectorize
4000,10,100,18,1.52582,-O2 -ftree-vectorize
4000,10,100,19,1.51973,-O2 -ftree-vectorize
4000,10,100,20,1.53568,-O2 -ftree-vectorize
4000,10,100,21,1.56002,-O2 -ftree-vectorize
4000,10,100,22,1.54102,-O2 -ftree-vectorize
4000,10,100,23,1.55174,-O2 -ftree-vectorize
4000,10,100,24,1.54661,-O2 -ftree-vectorize
4000,10,100,25,1.52945,-O2 -ftree-vectorize
4000,10,100,26,1.5314,-O2 -ftree-vectorize
4000,10,100,27,1.55378,-O2 -ftree-vectorize
4000,10,100,28,1.55336,-O2 -ftree-vectorize
4000,10,100,29,1.53278,-O2 -ftree-vectorize
4000,10,100,30,1.53184,-O2 -ftree-vectorize
4000,10,100,31,1.54225,-O2 -ftree-vectorize
4000,10,100,32,1.53776,-O2 -ftree-vectorize
4000,10,100,33,1.52499,-O2 -ftree-vectorize
4000,10,100,34,1.54292,-O2 -ftree-vectorize
4000,10,100,35,1.57662,-O2 -ftree-vectorize
4000,10,100,36,1.54961,-O2 -ftree-vectorize
4000,10,100,37,1.54221,-O2 -ftree-vectorize
4000,10,100,38,1.5697,-O2 -ftree-vectorize
4000,10,100,39,1.53655,-O2 -ftree-vectorize
4000,10,100,40,1.54799,-O2 -ftree-vectorize
4000,10,100,41,1.56716,-O2 -ftree-vectorize
4000,10,100,42,1.55747,-O2 -ftree-vectorize
4000,10,100,43,1.54274,-O2 -ftree-vectorize
4000,10,100,44,1.53903,-O2 -ftree-vectorize
4000,10,100,45,1.54905,-O2 -ftree-vectorize
4000,10,100,46,1.55389,-O2 -ftree-vectorize
4000,10,100,47,1.53978,-O2 -ftree-vectorize
4000,10,100,48,1.55193,-O2 -ftree-vectorize
4000,10,100,49,1.5537,-O2 -ftree-vectorize
4000,10,100,50,1.54631,-O2 -ftree-vectorize
5000,10,100,0,2.43496,-O2 -ftree-vectorize
5000,10,100,1,2.37933,-O2 -ftree-vectorize
5000,10,100,2,2.39896,-O2 -ftree-vectorize
5000,10,100,3,2.39501,-O2 -ftree-vectorize
5000,10,100,4,2.3724,-O2 -ftree-vectorize
5000,10,100,5,2.38292,-O2 -ftree-vectorize
5000,10,100,6,2.40203,-O2 -ftree-vectorize
5000,10,100,7,2.38163,-O2 -ftree-vectorize
5000,10,100,8,2.35084,-O2 -ftree-vectorize
5000,10,100,9,2.37918,-O2 -ftree-vectorize
5000,10,100,10,2.4082,-O2 -ftree-vectorize
5000,10,100,11,2.40331,-O2 -ftree-vectorize
5000,10,100,12,2.40034,-O2 -ftree-vectorize
5000,10,100,13,2.49208,-O2 -ftree-vectorize
5000,10,100,14,2.46139,-O2 -ftree-vectorize
5000,10,100,15,2.46205,-O2 -ftree-vectorize
5000,10,100,16,2.51447,-O2 -ftree-vectorize
5000,10,100,17,2.49609,-O2 -ftree-vectorize
5000,10,100,18,2.38295,-O2 -ftree-vectorize
5000,10,100,19,2.48835,-O2 -ftree-vectorize
5000,10,100,20,2.4629,-O2 -ftree-vectorize
5000,10,100,21,2.46057,-O2 -ftree-vectorize
5000,10,100,22,2.42198,-O2 -ftree-vectorize
5000,10,100,23,2.45029,-O2 -ftree-vectorize
5000,10,100,24,2.45389,-O2 -ftree-vectorize
5000,10,100,25,2.46848,-O2 -ftree-vectorize
5000,10,100,26,2.42527,-O2 -ftree-vectorize
5000,10,100,27,2.45413,-O2 -ftree-vectorize
5000,10,100,28,2.41381,-O2 -ftree-vectorize
5000,10,100,29,2.4214,-O2 -ftree-vectorize
5000,10,100,30,2.45835,-O2 -ftree-vectorize
5000,10,100,31,2.42122,-O2 -ftree-vectorize
5000,10,100,32,2.41499,-O2 -ftree-vectorize
5000,10,100,33,2.41624,-O2 -ftree-vectorize
5000,10,100,34,2.41102,-O2 -ftree-vectorize
5000,10,100,35,2.41434,-O2 -ftree-vectorize
5000,10,100,36,2.37702,-O2 -ftree-vectorize
5000,10,100,37,2.3903,-O2 -ftree-vectorize
5000,10,100,38,2.39614,-O2 -ftree-vectorize
5000,10,100,39,2.41551,-O2 -ftree-vectorize
5000,10,100,40,2.40722,-O2 -ftree-vectorize
5000,10,100,41,2.35887,-O2 -ftree-vectorize
5000,10,100,42,2.39013,-O2 -ftree-vectorize
5000,10,100,43,2.37253,-O2 -ftree-vectorize
5000,10,100,44,2.40946,-O2 -ftree-vectorize
5000,10,100,45,2.37856,-O2 -ftree-vectorize
5000,10,100,46,2.40268,-O2 -ftree-vectorize
5000,10,100,47,2.52655,-O2 -ftree-vectorize
5000,10,100,48,2.49827,-O2 -ftree-vectorize
5000,10,100,49,2.50155,-O2 -ftree-vectorize
5000,10,100,50,2.55602,-O2 -ftree-vectorize
10000,10,100,0,9.24057,-O2 -ftree-vectorize
10000,10,100,1,9.22159,-O2 -ftree-vectorize
10000,10,100,2,9.20666,-O2 -ftree-vectorize
10000,10,100,3,9.21674,-O2 -ftree-vectorize
10000,10,100,4,9.20854,-O2 -ftree-vectorize
10000,10,100,5,9.25746,-O2 -ftree-vectorize
10000,10,100,6,9.25844,-O2 -ftree-vectorize
10000,10,100,7,9.24773,-O2 -ftree-vectorize
10000,10,100,8,9.25971,-O2 -ftree-vectorize
10000,10,100,9,9.26244,-O2 -ftree-vectorize
10000,10,100,10,9.34044,-O2 -ftree-vectorize
10000,10,100,11,9.2896,-O2 -ftree-vectorize
10000,10,100,12,9.2665,-O2 -ftree-vectorize
10000,10,100,13,9.1935,-O2 -ftree-vectorize
10000,10,100,14,9.2333,-O2 -ftree-vectorize
10000,10,100,15,9.2771,-O2 -ftree-vectorize
10000,10,100,16,9.24898,-O2 -ftree-vectorize
10000,10,100,17,9.23668,-O2 -ftree-vectorize
10000,10,100,18,9.24015,-O2 -ftree-vectorize
10000,10,100,19,9.23248,-O2 -ftree-vectorize
10000,10,100,20,9.30992,-O2 -ftree-vectorize
