10000,1,100,0,5.1921,-O3
10000,1,100,1,5.26422,-O3
10000,1,100,2,5.1295,-O3
10000,1,100,3,5.18777,-O3
10000,1,100,4,5.2066,-O3
10000,1,100,5,4.96839,-O3
10000,1,100,6,4.89227,-O3
10000,1,100,7,4.99075,-O3
10000,1,100,8,4.78449,-O3
10000,1,100,9,4.88694,-O3
10000,1,100,10,4.81237,-O3
10000,1,100,11,5.06871,-O3
10000,1,100,12,5.4858,-O3
10000,1,100,13,5.46626,-O3
10000,1,100,14,5.29976,-O3
10000,1,100,15,5.05982,-O3
10000,1,100,16,5.02188,-O3
10000,1,100,17,5.03222,-O3
10000,1,100,18,4.9593,-O3
10000,1,100,19,5.03267,-O3
10000,1,100,20,5.09911,-O3
10000,1,100,21,5.14899,-O3
10000,1,100,22,5.02985,-O3
10000,1,100,23,5.04364,-O3
10000,1,100,24,5.19335,-O3
10000,1,100,25,5.02143,-O3
10000,1,100,26,5.08061,-O3
10000,1,100,27,5.10896,-O3
10000,1,100,28,5.15895,-O3
10000,1,100,29,5.02903,-O3
10000,1,100,30,4.92647,-O3
10000,1,100,31,4.98436,-O3
10000,1,100,32,4.8557,-O3
10000,1,100,33,4.91079,-O3
10000,1,100,34,5.05869,-O3
10000,1,100,35,5.11304,-O3
10000,1,100,36,5.19449,-O3
10000,1,100,37,5.08328,-O3
10000,1,100,38,5.16383,-O3
10000,1,100,39,4.99399,-O3
10000,1,100,40,5.08669,-O3
10000,1,100,41,4.97142,-O3
10000,1,100,42,4.91074,-O3
10000,1,100,43,4.92161,-O3
10000,1,100,44,4.90837,-O3
10000,1,100,45,4.83585,-O3
10000,1,100,46,4.91843,-O3
10000,1,100,47,5.04069,-O3
10000,1,100,48,5.14489,-O3
10000,1,100,49,5.06537,-O3
10000,2,100,0,2.82834,-O3
10000,2,100,1,2.81456,-O3
10000,2,100,2,2.84822,-O3
10000,2,100,3,2.80889,-O3
10000,2,100,4,2.80084,-O3
10000,2,100,5,2.81887,-O3
10000,2,100,6,2.82566,-O3
10000,2,100,7,2.82443,-O3
10000,2,100,8,2.80849,-O3
10000,2,100,9,2.81015,-O3
10000,2,100,10,2.88771,-O3
10000,2,100,11,2.86642,-O3
10000,2,100,12,2.8148,-O3
10000,2,100,13,2.7998,-O3
10000,2,100,14,2.7993,-O3
10000,2,100,15,2.80023,-O3
10000,2,100,16,2.83059,-O3
10000,2,100,17,2.89619,-O3
10000,2,100,18,2.99734,-O3
10000,2,100,19,2.95869,-O3
10000,2,100,20,2.89165,-O3
10000,2,100,21,2.81289,-O3
10000,2,100,22,2.81883,-O3
10000,2,100,23,2.79343,-O3
10000,2,100,24,2.79024,-O3
10000,2,100,25,2.82569,-O3
10000,2,100,26,2.79679,-O3
10000,2,100,27,2.80281,-O3
10000,2,100,28,2.79331,-O3
10000,2,100,29,2.80958,-O3
10000,2,100,30,2.79563,-O3
10000,2,100,31,2.79751,-O3
10000,2,100,32,2.78768,-O3
10000,2,100,33,2.88243,-O3
10000,2,100,34,2.94875,-O3
10000,2,100,35,2.86643,-O3
10000,2,100,36,3.02955,-O3
10000,2,100,37,2.93234,-O3
10000,2,100,38,2.85945,-O3
10000,2,100,39,2.7933,-O3
10000,2,100,40,2.79504,-O3
10000,2,100,41,2.7912,-O3
10000,2,100,42,2.80907,-O3
10000,2,100,43,2.8264,-O3
10000,2,100,44,2.77961,-O3
10000,2,100,45,2.78342,-O3
10000,2,100,46,2.84828,-O3
10000,2,100,47,2.84293,-O3
10000,2,100,48,2.80624,-O3
10000,2,100,49,2.81305,-O3
10000,4,100,0,2.1993,-O3
10000,4,100,1,2.17451,-O3
10000,4,100,2,2.25511,-O3
10000,4,100,3,2.12562,-O3
10000,4,100,4,2.13776,-O3
10000,4,100,5,2.17762,-O3
10000,4,100,6,2.18615,-O3
10000,4,100,7,2.19881,-O3
10000,4,100,8,2.16422,-O3
10000,4,100,9,2.18352,-O3
10000,4,100,10,2.18002,-O3
10000,4,100,11,2.16975,-O3
10000,4,100,12,2.16234,-O3
10000,4,100,13,2.17278,-O3
10000,4,100,14,2.21172,-O3
10000,4,100,15,2.19778,-O3
10000,4,100,16,2.18866,-O3
10000,4,100,17,2.18134,-O3
10000,4,100,18,2.18235,-O3
10000,4,100,19,2.16972,-O3
10000,4,100,20,2.1686,-O3
10000,4,100,21,2.18123,-O3
10000,4,100,22,2.16389,-O3
10000,4,100,23,2.18324,-O3
10000,4,100,24,2.20665,-O3
10000,4,100,25,2.17443,-O3
10000,4,100,26,2.17444,-O3
10000,4,100,27,2.16454,-O3
10000,4,100,28,2.17386,-O3
10000,4,100,29,2.18761,-O3
10000,4,100,30,2.16476,-O3
10000,4,100,31,2.20137,-O3
10000,4,100,32,2.20044,-O3
10000,4,100,33,2.18119,-O3
10000,4,100,34,2.17728,-O3
10000,4,100,35,2.20002,-O3
10000,4,100,36,2.17841,-O3
10000,4,100,37,2.16982,-O3
10000,4,100,38,2.16189,-O3
10000,4,100,39,2.17453,-O3
10000,4,100,40,2.13334,-O3
10000,4,100,41,2.15723,-O3
10000,4,100,42,2.14231,-O3
10000,4,100,43,2.15112,-O3
10000,4,100,44,2.13482,-O3
10000,4,100,45,2.15392,-O3
10000,4,100,46,2.17512,-O3
10000,4,100,47,2.18404,-O3
10000,4,100,48,2.24164,-O3
10000,4,100,49,2.2077,-O3
10000,8,100,0,1.95415,-O3
10000,8,100,1,1.92451,-O3
10000,8,100,2,1.93665,-O3
10000,8,100,3,1.93588,-O3
10000,8,100,4,1.93355,-O3
10000,8,100,5,1.92868,-O3
10000,8,100,6,1.94413,-O3
10000,8,100,7,1.93079,-O3
10000,8,100,8,1.92449,-O3
10000,8,100,9,1.92862,-O3
10000,8,100,10,1.92298,-O3
10000,8,100,11,1.95183,-O3
10000,8,100,12,1.93179,-O3
10000,8,100,13,1.92744,-O3
10000,8,100,14,1.94062,-O3
10000,8,100,15,2.00298,-O3
10000,8,100,16,1.96336,-O3
10000,8,100,17,2.00272,-O3
10000,8,100,18,1.992,-O3
10000,8,100,19,1.96243,-O3
10000,8,100,20,2.00307,-O3
10000,8,100,21,1.96521,-O3
10000,8,100,22,1.95493,-O3
10000,8,100,23,1.95517,-O3
10000,8,100,24,1.94463,-O3
10000,8,100,25,1.94206,-O3
10000,8,100,26,1.94699,-O3
10000,8,100,27,1.94619,-O3
10000,8,100,28,1.94678,-O3
10000,8,100,29,1.95366,-O3
10000,8,100,30,1.9432,-O3
10000,8,100,31,1.93341,-O3
10000,8,100,32,1.93487,-O3
10000,8,100,33,1.93791,-O3
10000,8,100,34,1.93648,-O3
10000,8,100,35,1.95555,-O3
10000,8,100,36,1.93785,-O3
10000,8,100,37,1.93655,-O3
10000,8,100,38,1.93455,-O3
10000,8,100,39,1.93091,-O3
10000,8,100,40,1.92997,-O3
10000,8,100,41,1.94611,-O3
10000,8,100,42,1.93241,-O3
10000,8,100,43,1.93458,-O3
10000,8,100,44,1.93601,-O3
10000,8,100,45,1.93487,-O3
10000,8,100,46,1.94565,-O3
10000,8,100,47,2.01928,-O3
10000,8,100,48,2.04045,-O3
10000,8,100,49,2.04817,-O3
10000,10,100,0,1.9059,-O3
10000,10,100,1,1.8808,-O3
10000,10,100,2,1.8708,-O3
10000,10,100,3,1.87667,-O3
10000,10,100,4,1.86814,-O3
10000,10,100,5,1.87245,-O3
10000,10,100,6,1.87344,-O3
10000,10,100,7,1.87162,-O3
10000,10,100,8,1.8814,-O3
10000,10,100,9,1.87639,-O3
10000,10,100,10,1.87866,-O3
10000,10,100,11,1.87335,-O3
10000,10,100,12,1.87958,-O3
10000,10,100,13,1.87967,-O3
10000,10,100,14,1.87538,-O3
10000,10,100,15,1.87449,-O3
10000,10,100,16,1.89301,-O3
10000,10,100,17,1.87857,-O3
10000,10,100,18,1.88115,-O3
10000,10,100,19,1.8723,-O3
10000,10,100,20,1.86993,-O3
10000,10,100,21,1.89429,-O3
10000,10,100,22,1.87572,-O3
10000,10,100,23,1.88339,-O3
10000,10,100,24,1.88196,-O3
10000,10,100,25,1.88393,-O3
10000,10,100,26,1.89819,-O3
10000,10,100,27,1.91087,-O3
10000,10,100,28,1.88313,-O3
10000,10,100,29,1.87252,-O3
10000,10,100,30,1.87886,-O3
10000,10,100,31,1.88057,-O3
10000,10,100,32,1.87475,-O3
10000,10,100,33,1.87684,-O3
10000,10,100,34,1.87398,-O3
10000,10,100,35,1.8823,-O3
10000,10,100,36,1.87432,-O3
10000,10,100,37,1.87349,-O3
10000,10,100,38,1.86932,-O3
10000,10,100,39,1.87833,-O3
10000,10,100,40,1.88484,-O3
10000,10,100,41,1.88249,-O3
10000,10,100,42,1.87668,-O3
10000,10,100,43,1.87516,-O3
10000,10,100,44,1.88439,-O3
10000,10,100,45,1.88264,-O3
10000,10,100,46,1.88389,-O3
10000,10,100,47,1.88172,-O3
10000,10,100,48,1.87674,-O3
10000,10,100,49,1.87415,-O3
10000,16,100,0,1.99782,-O3
10000,16,100,1,1.99224,-O3
10000,16,100,2,1.9921,-O3
10000,16,100,3,1.98897,-O3
10000,16,100,4,1.99382,-O3
10000,16,100,5,1.99386,-O3
10000,16,100,6,1.98563,-O3
10000,16,100,7,1.98745,-O3
10000,16,100,8,1.99397,-O3
10000,16,100,9,1.99129,-O3
10000,16,100,10,1.98796,-O3
10000,16,100,11,1.98891,-O3
10000,16,100,12,1.99126,-O3
10000,16,100,13,1.98739,-O3
10000,16,100,14,1.9885,-O3
10000,16,100,15,1.99483,-O3
10000,16,100,16,1.98596,-O3
10000,16,100,17,1.98325,-O3
10000,16,100,18,1.98777,-O3
10000,16,100,19,1.98888,-O3
10000,16,100,20,1.98863,-O3
10000,16,100,21,1.98623,-O3
10000,16,100,22,1.98778,-O3
10000,16,100,23,1.98248,-O3
10000,16,100,24,1.98887,-O3
10000,16,100,25,1.98701,-O3
10000,16,100,26,1.98926,-O3
10000,16,100,27,1.98726,-O3
10000,16,100,28,1.99123,-O3
10000,16,100,29,1.98298,-O3
10000,16,100,30,1.99276,-O3
10000,16,100,31,1.99177,-O3
10000,16,100,32,1.98678,-O3
10000,16,100,33,1.98731,-O3
10000,16,100,34,1.98716,-O3
10000,16,100,35,1.98278,-O3
10000,16,100,36,1.98769,-O3
10000,16,100,37,1.98906,-O3
10000,16,100,38,1.98847,-O3
10000,16,100,39,1.98593,-O3
10000,16,100,40,1.99063,-O3
10000,16,100,41,1.9841,-O3
10000,16,100,42,1.98896,-O3
10000,16,100,43,1.98867,-O3
10000,16,100,44,1.98735,-O3
10000,16,100,45,1.98562,-O3
10000,16,100,46,1.98583,-O3
10000,16,100,47,1.98817,-O3
10000,16,100,48,1.9886,-O3
10000,16,100,49,1.99352,-O3
10000,32,100,0,2.01977,-O3
10000,32,100,1,1.98216,-O3
10000,32,100,2,2.02394,-O3
10000,32,100,3,2.00455,-O3
10000,32,100,4,1.98161,-O3
10000,32,100,5,1.97631,-O3
10000,32,100,6,1.97325,-O3
10000,32,100,7,1.97488,-O3
10000,32,100,8,1.97282,-O3
10000,32,100,9,1.97706,-O3
10000,32,100,10,1.9757,-O3
10000,32,100,11,1.97863,-O3
10000,32,100,12,1.97267,-O3
10000,32,100,13,1.97421,-O3
10000,32,100,14,1.97511,-O3
10000,32,100,15,1.97186,-O3
10000,32,100,16,1.96824,-O3
10000,32,100,17,1.96518,-O3
10000,32,100,18,1.96653,-O3
10000,32,100,19,2.01276,-O3
10000,32,100,20,1.96417,-O3
10000,32,100,21,1.96055,-O3
10000,32,100,22,1.96048,-O3
10000,32,100,23,1.96608,-O3
10000,32,100,24,1.96465,-O3
10000,32,100,25,1.97267,-O3
10000,32,100,26,1.96338,-O3
10000,32,100,27,1.95995,-O3
10000,32,100,28,1.96538,-O3
10000,32,100,29,1.96534,-O3
10000,32,100,30,1.96515,-O3
10000,32,100,31,1.96399,-O3
10000,32,100,32,1.96263,-O3
10000,32,100,33,1.9634,-O3
10000,32,100,34,1.96162,-O3
10000,32,100,35,1.96396,-O3
10000,32,100,36,1.963,-O3
10000,32,100,37,1.96479,-O3
10000,32,100,38,1.96603,-O3
10000,32,100,39,1.9629,-O3
10000,32,100,40,1.96387,-O3
10000,32,100,41,1.96188,-O3
10000,32,100,42,1.96355,-O3
10000,32,100,43,1.96543,-O3
10000,32,100,44,1.96806,-O3
10000,32,100,45,1.96333,-O3
10000,32,100,46,1.95871,-O3
10000,32,100,47,1.96203,-O3
10000,32,100,48,1.95913,-O3
10000,32,100,49,1.96488,-O3
10000,64,100,0,2.01123,-O3
10000,64,100,1,1.99508,-O3
10000,64,100,2,2.0173,-O3
10000,64,100,3,2.04278,-O3
10000,64,100,4,2.03357,-O3
10000,64,100,5,2.03253,-O3
10000,64,100,6,2.01196,-O3
10000,64,100,7,1.99147,-O3
10000,64,100,8,2.0032,-O3
10000,64,100,9,2.03174,-O3
10000,64,100,10,2.00624,-O3
10000,64,100,11,2.00815,-O3
10000,64,100,12,1.98518,-O3
10000,64,100,13,1.97731,-O3
10000,64,100,14,2.00654,-O3
10000,64,100,15,1.99831,-O3
10000,64,100,16,2.04371,-O3
10000,64,100,17,2.06784,-O3
10000,64,100,18,2.05513,-O3
10000,64,100,19,2.04585,-O3
10000,64,100,20,2.02193,-O3
10000,64,100,21,2.06948,-O3
10000,64,100,22,2.05154,-O3
10000,64,100,23,2.03961,-O3
10000,64,100,24,1.96804,-O3
10000,64,100,25,1.96579,-O3
10000,64,100,26,1.96634,-O3
10000,64,100,27,1.96301,-O3
10000,64,100,28,1.95913,-O3
10000,64,100,29,1.95756,-O3
10000,64,100,30,1.95995,-O3
10000,64,100,31,1.96156,-O3
10000,64,100,32,1.95986,-O3
10000,64,100,33,1.96672,-O3
10000,64,100,34,1.9599,-O3
10000,64,100,35,1.95981,-O3
10000,64,100,36,1.96367,-O3
10000,64,100,37,1.96135,-O3
10000,64,100,38,1.96094,-O3
10000,64,100,39,1.95914,-O3
10000,64,100,40,1.96079,-O3
10000,64,100,41,1.97396,-O3
10000,64,100,42,1.96048,-O3
10000,64,100,43,1.96304,-O3
10000,64,100,44,1.95938,-O3
10000,64,100,45,1.95888,-O3
10000,64,100,46,1.96042,-O3
10000,64,100,47,1.96087,-O3
10000,64,100,48,1.96032,-O3
10000,64,100,49,1.96062,-O3
10000,128,100,0,1.99318,-O3
10000,128,100,1,1.97898,-O3
10000,128,100,2,1.97865,-O3
10000,128,100,3,1.98033,-O3
10000,128,100,4,1.97746,-O3
10000,128,100,5,1.97666,-O3
10000,128,100,6,1.97597,-O3
10000,128,100,7,1.97543,-O3
10000,128,100,8,1.97882,-O3
10000,128,100,9,1.98244,-O3
10000,128,100,10,1.97504,-O3
10000,128,100,11,1.97734,-O3
10000,128,100,12,1.97657,-O3
10000,128,100,13,1.97657,-O3
10000,128,100,14,1.97844,-O3
10000,128,100,15,1.97492,-O3
10000,128,100,16,1.97534,-O3
10000,128,100,17,1.97742,-O3
10000,128,100,18,1.97797,-O3
10000,128,100,19,1.97688,-O3
10000,128,100,20,1.9767,-O3
10000,128,100,21,1.97655,-O3
10000,128,100,22,1.97651,-O3
10000,128,100,23,1.97986,-O3
10000,128,100,24,1.97681,-O3
10000,128,100,25,1.97783,-O3
10000,128,100,26,1.9775,-O3
10000,128,100,27,1.97607,-O3
10000,128,100,28,1.98099,-O3
10000,128,100,29,1.97645,-O3
10000,128,100,30,1.98192,-O3
10000,128,100,31,1.98016,-O3
10000,128,100,32,1.97972,-O3
10000,128,100,33,1.9795,-O3
10000,128,100,34,1.98299,-O3
10000,128,100,35,1.98162,-O3
10000,128,100,36,1.98098,-O3
10000,128,100,37,1.98057,-O3
10000,128,100,38,1.9788,-O3
10000,128,100,39,1.97937,-O3
10000,128,100,40,1.97708,-O3
10000,128,100,41,1.98043,-O3
10000,128,100,42,1.97834,-O3
10000,128,100,43,1.98384,-O3
10000,128,100,44,1.98093,-O3
10000,128,100,45,1.98223,-O3
10000,128,100,46,1.97967,-O3
10000,128,100,47,1.9818,-O3
10000,128,100,48,1.97872,-O3
10000,128,100,49,2.04587,-O3
10000,1,100,0,329.415,-O0
10000,1,100,1,328.87,-O0
10000,1,100,2,328.478,-O0
10000,1,100,3,331.993,-O0
10000,1,100,4,330.137,-O0
10000,1,100,5,330.358,-O0
10000,2,100,0,184.314,-O0
10000,2,100,1,184.459,-O0
10000,2,100,2,184.688,-O0
10000,2,100,3,184.558,-O0
10000,2,100,4,184.586,-O0
10000,4,100,0,95.8387,-O0
10000,4,100,1,95.6579,-O0
10000,4,100,2,95.7641,-O0
10000,4,100,3,95.6572,-O0
10000,4,100,4,95.6873,-O0
10000,4,100,5,95.6405,-O0
10000,4,100,6,95.7259,-O0
10000,4,100,7,95.6508,-O0
10000,8,100,0,57.872,-O0
10000,8,100,1,58.0886,-O0
10000,8,100,2,60.0678,-O0
10000,8,100,3,60.2654,-O0
10000,8,100,4,60.0421,-O0
10000,8,100,5,59.6533,-O0
10000,8,100,6,59.6378,-O0
10000,8,100,7,60.2475,-O0
10000,10,100,0,51.8255,-O0
10000,10,100,1,53.1169,-O0
10000,10,100,2,55.0555,-O0
10000,10,100,3,54.7901,-O0
10000,10,100,4,54.5446,-O0
10000,10,100,5,54.5049,-O0
10000,10,100,6,54.3482,-O0
10000,10,100,7,53.969,-O0
10000,16,100,0,43.419,-O0
10000,16,100,1,45.101,-O0
10000,16,100,2,47.2976,-O0
10000,16,100,3,47.2015,-O0
10000,16,100,4,47.0867,-O0
10000,16,100,5,47.0104,-O0
10000,16,100,6,47.0548,-O0
10000,16,100,7,47.0481,-O0
10000,32,100,0,43.5069,-O0
10000,32,100,1,45.0336,-O0
10000,32,100,2,47.3044,-O0
10000,32,100,3,47.23,-O0
10000,32,100,4,46.9171,-O0
10000,32,100,5,46.8558,-O0
10000,32,100,6,46.9647,-O0
10000,32,100,7,46.9343,-O0
10000,64,100,0,42.9557,-O0
10000,64,100,1,44.5541,-O0
10000,64,100,2,46.8173,-O0
10000,64,100,3,46.7852,-O0
10000,64,100,4,46.4565,-O0
10000,64,100,5,46.5302,-O0
10000,64,100,6,46.4379,-O0
10000,64,100,7,46.5688,-O0
10000,128,100,0,42.786,-O0
10000,128,100,1,44.3203,-O0
10000,128,100,2,46.7511,-O0
10000,128,100,3,46.6952,-O0
10000,128,100,4,46.3257,-O0
10000,128,100,5,46.3911,-O0
10000,128,100,6,46.2919,-O0
10000,128,100,7,46.2935,-O0
10000,1,100,0,60.6951,-O2 -ftree-vectorize
10000,1,100,1,61.3864,-O2 -ftree-vectorize
10000,1,100,2,60.6438,-O2 -ftree-vectorize
10000,1,100,3,60.7103,-O2 -ftree-vectorize
10000,1,100,4,60.6455,-O2 -ftree-vectorize
10000,1,100,5,60.6165,-O2 -ftree-vectorize
10000,1,100,6,60.6862,-O2 -ftree-vectorize
10000,1,100,7,60.7637,-O2 -ftree-vectorize
10000,2,100,0,30.5904,-O2 -ftree-vectorize
10000,2,100,1,30.6008,-O2 -ftree-vectorize
10000,2,100,2,30.6467,-O2 -ftree-vectorize
10000,2,100,3,30.8825,-O2 -ftree-vectorize
10000,2,100,4,30.8417,-O2 -ftree-vectorize
10000,2,100,5,30.6571,-O2 -ftree-vectorize
10000,2,100,6,30.4997,-O2 -ftree-vectorize
10000,2,100,7,30.6991,-O2 -ftree-vectorize
10000,2,100,8,31.3899,-O2 -ftree-vectorize
10000,2,100,9,30.6105,-O2 -ftree-vectorize
10000,4,100,0,16.0766,-O2 -ftree-vectorize
10000,4,100,1,16.0469,-O2 -ftree-vectorize
10000,4,100,2,16.0671,-O2 -ftree-vectorize
10000,4,100,3,16.0565,-O2 -ftree-vectorize
10000,4,100,4,16.0634,-O2 -ftree-vectorize
10000,4,100,5,16.1134,-O2 -ftree-vectorize
10000,4,100,6,16.0749,-O2 -ftree-vectorize
10000,4,100,7,16.0577,-O2 -ftree-vectorize
10000,4,100,8,16.0266,-O2 -ftree-vectorize
10000,4,100,9,15.9663,-O2 -ftree-vectorize
10000,4,100,10,16.038,-O2 -ftree-vectorize
10000,4,100,11,16.0884,-O2 -ftree-vectorize
10000,4,100,12,16.0198,-O2 -ftree-vectorize
10000,4,100,13,16.0353,-O2 -ftree-vectorize
10000,4,100,14,16.0503,-O2 -ftree-vectorize
10000,4,100,15,16.0547,-O2 -ftree-vectorize
10000,4,100,16,16.0799,-O2 -ftree-vectorize
10000,4,100,17,16.034,-O2 -ftree-vectorize
10000,4,100,18,16.0751,-O2 -ftree-vectorize
10000,4,100,19,16.0731,-O2 -ftree-vectorize
10000,8,100,0,10.882,-O2 -ftree-vectorize
10000,8,100,1,10.9214,-O2 -ftree-vectorize
10000,8,100,2,10.8426,-O2 -ftree-vectorize
10000,8,100,3,10.9602,-O2 -ftree-vectorize
10000,8,100,4,10.8779,-O2 -ftree-vectorize
10000,8,100,5,10.847,-O2 -ftree-vectorize
10000,8,100,6,10.9786,-O2 -ftree-vectorize
10000,8,100,7,10.9446,-O2 -ftree-vectorize
10000,8,100,8,10.887,-O2 -ftree-vectorize
10000,8,100,9,10.9564,-O2 -ftree-vectorize
10000,8,100,10,10.9729,-O2 -ftree-vectorize
10000,8,100,11,10.9647,-O2 -ftree-vectorize
10000,8,100,12,11.0173,-O2 -ftree-vectorize
10000,8,100,13,10.8721,-O2 -ftree-vectorize
10000,8,100,14,10.9289,-O2 -ftree-vectorize
10000,8,100,15,10.9076,-O2 -ftree-vectorize
10000,8,100,16,10.9405,-O2 -ftree-vectorize
10000,8,100,17,11.0043,-O2 -ftree-vectorize
10000,8,100,18,10.8991,-O2 -ftree-vectorize
10000,8,100,19,10.9387,-O2 -ftree-vectorize
10000,10,100,0,9.19204,-O2 -ftree-vectorize
10000,10,100,1,9.29457,-O2 -ftree-vectorize
10000,10,100,2,9.22494,-O2 -ftree-vectorize
10000,10,100,3,9.18185,-O2 -ftree-vectorize
10000,10,100,4,9.23568,-O2 -ftree-vectorize
10000,10,100,5,9.24421,-O2 -ftree-vectorize
10000,10,100,6,9.20034,-O2 -ftree-vectorize
10000,10,100,7,9.27867,-O2 -ftree-vectorize
10000,10,100,8,9.20063,-O2 -ftree-vectorize
10000,10,100,9,9.2486,-O2 -ftree-vectorize
10000,10,100,10,9.21873,-O2 -ftree-vectorize
10000,10,100,11,9.23159,-O2 -ftree-vectorize
10000,10,100,12,9.25857,-O2 -ftree-vectorize
10000,10,100,13,9.23045,-O2 -ftree-vectorize
10000,10,100,14,9.24204,-O2 -ftree-vectorize
10000,10,100,15,9.45343,-O2 -ftree-vectorize
10000,10,100,16,9.24151,-O2 -ftree-vectorize
10000,10,100,17,9.27374,-O2 -ftree-vectorize
10000,10,100,18,9.25216,-O2 -ftree-vectorize
10000,10,100,19,9.25183,-O2 -ftree-vectorize
10000,16,100,0,6.8745,-O2 -ftree-vectorize
10000,16,100,1,6.90164,-O2 -ftree-vectorize
10000,16,100,2,6.78512,-O2 -ftree-vectorize
10000,16,100,3,6.80636,-O2 -ftree-vectorize
10000,16,100,4,6.77344,-O2 -ftree-vectorize
10000,16,100,5,6.81971,-O2 -ftree-vectorize
10000,16,100,6,6.76056,-O2 -ftree-vectorize
10000,16,100,7,6.83106,-O2 -ftree-vectorize
10000,16,100,8,6.84186,-O2 -ftree-vectorize
10000,16,100,9,6.90487,-O2 -ftree-vectorize
10000,16,100,10,6.928,-O2 -ftree-vectorize
10000,16,100,11,6.96799,-O2 -ftree-vectorize
10000,16,100,12,6.92336,-O2 -ftree-vectorize
10000,16,100,13,6.94544,-O2 -ftree-vectorize
10000,16,100,14,7.01905,-O2 -ftree-vectorize
10000,16,100,15,7.07807,-O2 -ftree-vectorize
10000,16,100,16,7.32099,-O2 -ftree-vectorize
10000,16,100,17,7.24669,-O2 -ftree-vectorize
10000,16,100,18,7.22838,-O2 -ftree-vectorize
10000,16,100,19,7.20512,-O2 -ftree-vectorize
10000,32,100,0,7.36284,-O2 -ftree-vectorize
10000,32,100,1,7.31614,-O2 -ftree-vectorize
10000,32,100,2,7.30215,-O2 -ftree-vectorize
10000,32,100,3,7.28991,-O2 -ftree-vectorize
10000,32,100,4,7.32496,-O2 -ftree-vectorize
10000,32,100,5,7.38655,-O2 -ftree-vectorize
10000,32,100,6,7.48335,-O2 -ftree-vectorize
10000,32,100,7,7.37446,-O2 -ftree-vectorize
10000,32,100,8,7.32689,-O2 -ftree-vectorize
10000,32,100,9,7.45426,-O2 -ftree-vectorize
10000,32,100,10,7.48894,-O2 -ftree-vectorize
10000,32,100,11,7.37456,-O2 -ftree-vectorize
10000,32,100,12,7.41262,-O2 -ftree-vectorize
10000,32,100,13,7.52902,-O2 -ftree-vectorize
10000,32,100,14,7.50567,-O2 -ftree-vectorize
10000,32,100,15,7.59587,-O2 -ftree-vectorize
10000,32,100,16,7.67826,-O2 -ftree-vectorize
10000,32,100,17,7.68886,-O2 -ftree-vectorize
10000,32,100,18,7.64353,-O2 -ftree-vectorize
10000,32,100,19,7.66222,-O2 -ftree-vectorize
10000,64,100,0,6.97067,-O2 -ftree-vectorize
10000,64,100,1,6.90984,-O2 -ftree-vectorize
10000,64,100,2,6.97159,-O2 -ftree-vectorize
10000,64,100,3,7.14188,-O2 -ftree-vectorize
10000,64,100,4,7.6139,-O2 -ftree-vectorize
10000,64,100,5,8.37707,-O2 -ftree-vectorize
10000,64,100,6,8.00439,-O2 -ftree-vectorize
10000,64,100,7,7.25696,-O2 -ftree-vectorize
10000,64,100,8,7.31251,-O2 -ftree-vectorize
10000,64,100,9,7.26558,-O2 -ftree-vectorize
10000,64,100,10,7.26639,-O2 -ftree-vectorize
10000,64,100,11,7.24311,-O2 -ftree-vectorize
10000,64,100,12,7.27203,-O2 -ftree-vectorize
10000,64,100,13,7.28521,-O2 -ftree-vectorize
10000,64,100,14,7.27471,-O2 -ftree-vectorize
10000,64,100,15,7.28058,-O2 -ftree-vectorize
10000,64,100,16,7.32306,-O2 -ftree-vectorize
10000,64,100,17,7.32599,-O2 -ftree-vectorize
10000,64,100,18,7.367,-O2 -ftree-vectorize
10000,64,100,19,7.33156,-O2 -ftree-vectorize
10000,128,100,0,6.83448,-O2 -ftree-vectorize
10000,128,100,1,6.79706,-O2 -ftree-vectorize
10000,128,100,2,6.86811,-O2 -ftree-vectorize
10000,128,100,3,6.93464,-O2 -ftree-vectorize
10000,128,100,4,6.94876,-O2 -ftree-vectorize
10000,128,100,5,7.05128,-O2 -ftree-vectorize
10000,128,100,6,7.1807,-O2 -ftree-vectorize
10000,128,100,7,7.12904,-O2 -ftree-vectorize
10000,128,100,8,7.29324,-O2 -ftree-vectorize
10000,128,100,9,7.28293,-O2 -ftree-vectorize
10000,128,100,10,7.26852,-O2 -ftree-vectorize
10000,128,100,11,7.24573,-O2 -ftree-vectorize
10000,128,100,12,7.27478,-O2 -ftree-vectorize
10000,128,100,13,7.28451,-O2 -ftree-vectorize
10000,128,100,14,7.21437,-O2 -ftree-vectorize
10000,128,100,15,7.21371,-O2 -ftree-vectorize
10000,128,100,16,7.25251,-O2 -ftree-vectorize
10000,128,100,17,7.23678,-O2 -ftree-vectorize
10000,128,100,18,7.21121,-O2 -ftree-vectorize
10000,128,100,19,7.21641,-O2 -ftree-vectorize
