1000,10,100,0,0.0120283,-O3,50
1000,10,100,1,0.0107928,-O3,50
1000,10,100,2,0.0098541,-O3,50
1000,10,100,3,0.010034,-O3,50
1000,10,100,4,0.0106893,-O3,50
1000,10,100,5,0.0107492,-O3,50
1000,10,100,6,0.0108365,-O3,50
1000,10,100,7,0.0106763,-O3,50
1000,10,100,8,0.0109061,-O3,50
1000,10,100,9,0.0109418,-O3,50
1000,10,100,10,0.0108296,-O3,50
1000,10,100,11,0.0107889,-O3,50
1000,10,100,12,0.0108855,-O3,50
1000,10,100,13,0.0109398,-O3,50
1000,10,100,14,0.0108841,-O3,50
1000,10,100,15,0.0108113,-O3,50
1000,10,100,16,0.0107702,-O3,50
1000,10,100,17,0.0108065,-O3,50
1000,10,100,18,0.010838,-O3,50
1000,10,100,19,0.0107654,-O3,50
1000,10,100,20,0.0108381,-O3,50
1000,10,100,21,0.010813,-O3,50
1000,10,100,22,0.0108402,-O3,50
1000,10,100,23,0.0108616,-O3,50
1000,10,100,24,0.0108039,-O3,50
1000,10,100,25,0.0108561,-O3,50
1000,10,100,26,0.0108205,-O3,50
1000,10,100,27,0.0107811,-O3,50
1000,10,100,28,0.0108357,-O3,50
1000,10,100,29,0.0108424,-O3,50
1000,10,100,30,0.0111216,-O3,50
1000,10,100,31,0.0116669,-O3,50
1000,10,100,32,0.0116874,-O3,50
1000,10,100,33,0.011234,-O3,50
1000,10,100,34,0.0112278,-O3,50
1000,10,100,35,0.0112653,-O3,50
1000,10,100,36,0.0107876,-O3,50
1000,10,100,37,0.0100683,-O3,50
1000,10,100,38,0.0090605,-O3,50
1000,10,100,39,0.0090772,-O3,50
1000,10,100,40,0.0095549,-O3,50
1000,10,100,41,0.0092017,-O3,50
1000,10,100,42,0.0089572,-O3,50
1000,10,100,43,0.0089658,-O3,50
1000,10,100,44,0.0090451,-O3,50
1000,10,100,45,0.0090331,-O3,50
1000,10,100,46,0.0089474,-O3,50
1000,10,100,47,0.0089075,-O3,50
1000,10,100,48,0.0088502,-O3,50
1000,10,100,49,0.00994,-O3,50
2000,10,100,0,0.0547133,-O3,50
2000,10,100,1,0.0405636,-O3,50
2000,10,100,2,0.0410258,-O3,50
2000,10,100,3,0.0406718,-O3,50
2000,10,100,4,0.0407212,-O3,50
2000,10,100,5,0.0404291,-O3,50
2000,10,100,6,0.0424185,-O3,50
2000,10,100,7,0.0413326,-O3,50
2000,10,100,8,0.0408126,-O3,50
2000,10,100,9,0.0422881,-O3,50
2000,10,100,10,0.0452596,-O3,50
2000,10,100,11,0.0420722,-O3,50
2000,10,100,12,0.0422768,-O3,50
2000,10,100,13,0.0501951,-O3,50
2000,10,100,14,0.0535025,-O3,50
2000,10,100,15,0.055364,-O3,50
2000,10,100,16,0.0440521,-O3,50
2000,10,100,17,0.0427158,-O3,50
2000,10,100,18,0.0432671,-O3,50
2000,10,100,19,0.0437486,-O3,50
2000,10,100,20,0.0437749,-O3,50
2000,10,100,21,0.0432759,-O3,50
2000,10,100,22,0.0466188,-O3,50
2000,10,100,23,0.0498977,-O3,50
2000,10,100,24,0.0533616,-O3,50
2000,10,100,25,0.0504892,-O3,50
2000,10,100,26,0.0509456,-O3,50
2000,10,100,27,0.0471628,-O3,50
2000,10,100,28,0.0482705,-O3,50
2000,10,100,29,0.0459284,-O3,50
2000,10,100,30,0.0481826,-O3,50
2000,10,100,31,0.0465593,-O3,50
2000,10,100,32,0.0475743,-O3,50
2000,10,100,33,0.0466789,-O3,50
2000,10,100,34,0.0472975,-O3,50
2000,10,100,35,0.047969,-O3,50
2000,10,100,36,0.0482123,-O3,50
2000,10,100,37,0.0477026,-O3,50
2000,10,100,38,0.0513036,-O3,50
2000,10,100,39,0.0495273,-O3,50
2000,10,100,40,0.0490153,-O3,50
2000,10,100,41,0.0495881,-O3,50
2000,10,100,42,0.0473114,-O3,50
2000,10,100,43,0.0457219,-O3,50
2000,10,100,44,0.0462857,-O3,50
2000,10,100,45,0.0467457,-O3,50
2000,10,100,46,0.0451628,-O3,50
2000,10,100,47,0.0454986,-O3,50
2000,10,100,48,0.0453046,-O3,50
2000,10,100,49,0.045795,-O3,50
3000,10,100,0,0.169941,-O3,50
3000,10,100,1,0.148188,-O3,50
3000,10,100,2,0.143889,-O3,50
3000,10,100,3,0.155554,-O3,50
3000,10,100,4,0.1578,-O3,50
3000,10,100,5,0.154086,-O3,50
3000,10,100,6,0.168127,-O3,50
3000,10,100,7,0.151173,-O3,50
3000,10,100,8,0.159462,-O3,50
3000,10,100,9,0.150217,-O3,50
3000,10,100,10,0.143745,-O3,50
3000,10,100,11,0.140595,-O3,50
3000,10,100,12,0.139712,-O3,50
3000,10,100,13,0.138249,-O3,50
3000,10,100,14,0.129004,-O3,50
3000,10,100,15,0.128708,-O3,50
3000,10,100,16,0.127177,-O3,50
3000,10,100,17,0.131237,-O3,50
3000,10,100,18,0.129187,-O3,50
3000,10,100,19,0.128437,-O3,50
3000,10,100,20,0.12866,-O3,50
3000,10,100,21,0.128466,-O3,50
3000,10,100,22,0.12844,-O3,50
3000,10,100,23,0.12743,-O3,50
3000,10,100,24,0.129223,-O3,50
3000,10,100,25,0.128604,-O3,50
3000,10,100,26,0.128396,-O3,50
3000,10,100,27,0.128025,-O3,50
3000,10,100,28,0.127913,-O3,50
3000,10,100,29,0.129061,-O3,50
3000,10,100,30,0.128286,-O3,50
3000,10,100,31,0.127319,-O3,50
3000,10,100,32,0.130662,-O3,50
3000,10,100,33,0.129217,-O3,50
3000,10,100,34,0.129606,-O3,50
3000,10,100,35,0.127941,-O3,50
3000,10,100,36,0.127443,-O3,50
3000,10,100,37,0.129236,-O3,50
3000,10,100,38,0.127307,-O3,50
3000,10,100,39,0.128335,-O3,50
3000,10,100,40,0.128876,-O3,50
3000,10,100,41,0.129005,-O3,50
3000,10,100,42,0.128442,-O3,50
3000,10,100,43,0.127333,-O3,50
3000,10,100,44,0.127231,-O3,50
3000,10,100,45,0.127817,-O3,50
3000,10,100,46,0.130612,-O3,50
3000,10,100,47,0.127942,-O3,50
3000,10,100,48,0.130088,-O3,50
3000,10,100,49,0.128686,-O3,50
4000,10,100,0,0.281238,-O3,50
4000,10,100,1,0.26734,-O3,50
4000,10,100,2,0.267452,-O3,50
4000,10,100,3,0.289256,-O3,50
4000,10,100,4,0.267013,-O3,50
4000,10,100,5,0.264437,-O3,50
4000,10,100,6,0.262288,-O3,50
4000,10,100,7,0.263527,-O3,50
4000,10,100,8,0.261061,-O3,50
4000,10,100,9,0.264187,-O3,50
4000,10,100,10,0.263147,-O3,50
4000,10,100,11,0.265655,-O3,50
4000,10,100,12,0.26049,-O3,50
4000,10,100,13,0.262206,-O3,50
4000,10,100,14,0.266505,-O3,50
4000,10,100,15,0.265861,-O3,50
4000,10,100,16,0.261496,-O3,50
4000,10,100,17,0.264066,-O3,50
4000,10,100,18,0.261487,-O3,50
4000,10,100,19,0.262703,-O3,50
4000,10,100,20,0.268572,-O3,50
4000,10,100,21,0.264102,-O3,50
4000,10,100,22,0.260499,-O3,50
4000,10,100,23,0.26236,-O3,50
4000,10,100,24,0.263691,-O3,50
4000,10,100,25,0.266235,-O3,50
4000,10,100,26,0.2659,-O3,50
4000,10,100,27,0.26657,-O3,50
4000,10,100,28,0.260221,-O3,50
4000,10,100,29,0.260714,-O3,50
4000,10,100,30,0.266959,-O3,50
4000,10,100,31,0.262173,-O3,50
4000,10,100,32,0.263921,-O3,50
4000,10,100,33,0.26289,-O3,50
4000,10,100,34,0.261192,-O3,50
4000,10,100,35,0.262927,-O3,50
4000,10,100,36,0.260723,-O3,50
4000,10,100,37,0.263035,-O3,50
4000,10,100,38,0.261068,-O3,50
4000,10,100,39,0.265735,-O3,50
4000,10,100,40,0.259193,-O3,50
4000,10,100,41,0.261546,-O3,50
4000,10,100,42,0.263515,-O3,50
4000,10,100,43,0.262916,-O3,50
4000,10,100,44,0.25871,-O3,50
4000,10,100,45,0.265035,-O3,50
4000,10,100,46,0.261953,-O3,50
4000,10,100,47,0.267002,-O3,50
4000,10,100,48,0.263606,-O3,50
4000,10,100,49,0.264733,-O3,50
5000,10,100,0,0.453899,-O3,50
5000,10,100,1,0.441933,-O3,50
5000,10,100,2,0.45128,-O3,50
5000,10,100,3,0.444111,-O3,50
5000,10,100,4,0.437153,-O3,50
5000,10,100,5,0.432187,-O3,50
5000,10,100,6,0.435517,-O3,50
5000,10,100,7,0.432213,-O3,50
5000,10,100,8,0.441403,-O3,50
5000,10,100,9,0.433722,-O3,50
5000,10,100,10,0.435826,-O3,50
5000,10,100,11,0.432515,-O3,50
5000,10,100,12,0.431735,-O3,50
5000,10,100,13,0.434722,-O3,50
5000,10,100,14,0.432588,-O3,50
5000,10,100,15,0.435688,-O3,50
5000,10,100,16,0.438472,-O3,50
5000,10,100,17,0.43132,-O3,50
5000,10,100,18,0.436123,-O3,50
5000,10,100,19,0.433249,-O3,50
5000,10,100,20,0.433218,-O3,50
5000,10,100,21,0.434922,-O3,50
5000,10,100,22,0.435416,-O3,50
5000,10,100,23,0.431931,-O3,50
5000,10,100,24,0.443244,-O3,50
5000,10,100,25,0.439834,-O3,50
5000,10,100,26,0.43415,-O3,50
5000,10,100,27,0.433745,-O3,50
5000,10,100,28,0.431532,-O3,50
5000,10,100,29,0.434467,-O3,50
5000,10,100,30,0.433624,-O3,50
5000,10,100,31,0.43409,-O3,50
5000,10,100,32,0.432341,-O3,50
5000,10,100,33,0.433131,-O3,50
5000,10,100,34,0.431075,-O3,50
5000,10,100,35,0.431733,-O3,50
5000,10,100,36,0.435291,-O3,50
5000,10,100,37,0.431894,-O3,50
5000,10,100,38,0.433717,-O3,50
5000,10,100,39,0.43281,-O3,50
5000,10,100,40,0.432979,-O3,50
5000,10,100,41,0.432392,-O3,50
5000,10,100,42,0.431514,-O3,50
5000,10,100,43,0.433907,-O3,50
5000,10,100,44,0.432371,-O3,50
5000,10,100,45,0.432991,-O3,50
5000,10,100,46,0.432071,-O3,50
5000,10,100,47,0.435932,-O3,50
5000,10,100,48,0.432807,-O3,50
5000,10,100,49,0.433001,-O3,50
10000,10,100,0,1.807,-O3,50
10000,10,100,1,1.82364,-O3,50
10000,10,100,2,1.8098,-O3,50
10000,10,100,3,1.79321,-O3,50
10000,10,100,4,1.80834,-O3,50
10000,10,100,5,1.80061,-O3,50
10000,10,100,6,1.80886,-O3,50
10000,10,100,7,1.82314,-O3,50
10000,10,100,8,1.80197,-O3,50
10000,10,100,9,1.808,-O3,50
10000,10,100,10,1.78531,-O3,50
10000,10,100,11,1.78807,-O3,50
10000,10,100,12,1.79568,-O3,50
10000,10,100,13,1.83107,-O3,50
10000,10,100,14,1.7908,-O3,50
10000,10,100,15,1.78939,-O3,50
10000,10,100,16,1.7856,-O3,50
10000,10,100,17,1.79219,-O3,50
10000,10,100,18,1.7931,-O3,50
10000,10,100,19,1.80284,-O3,50
10000,10,100,20,1.79433,-O3,50
10000,10,100,21,1.78588,-O3,50
10000,10,100,22,1.80479,-O3,50
10000,10,100,23,1.79476,-O3,50
10000,10,100,24,1.79605,-O3,50
10000,10,100,25,1.79008,-O3,50
10000,10,100,26,1.78545,-O3,50
10000,10,100,27,1.79451,-O3,50
10000,10,100,28,1.7945,-O3,50
10000,10,100,29,1.79413,-O3,50
10000,10,100,30,1.79238,-O3,50
10000,10,100,31,1.8056,-O3,50
10000,10,100,32,1.79512,-O3,50
10000,10,100,33,1.7859,-O3,50
10000,10,100,34,1.80299,-O3,50
10000,10,100,35,1.78482,-O3,50
10000,10,100,36,1.79218,-O3,50
10000,10,100,37,1.80443,-O3,50
10000,10,100,38,1.80318,-O3,50
10000,10,100,39,1.80067,-O3,50
10000,10,100,40,1.78484,-O3,50
10000,10,100,41,1.78678,-O3,50
10000,10,100,42,1.79779,-O3,50
10000,10,100,43,1.78668,-O3,50
10000,10,100,44,1.79248,-O3,50
10000,10,100,45,1.78619,-O3,50
10000,10,100,46,1.79203,-O3,50
10000,10,100,47,1.78841,-O3,50
10000,10,100,48,1.79058,-O3,50
10000,10,100,49,1.78749,-O3,50
1000,10,100,0,0.551605,-O0,50
1000,10,100,1,0.548236,-O0,50
1000,10,100,2,0.55094,-O0,50
1000,10,100,3,0.538029,-O0,50
1000,10,100,4,0.528787,-O0,50
1000,10,100,5,0.528824,-O0,50
1000,10,100,6,0.533484,-O0,50
1000,10,100,7,0.526021,-O0,50
1000,10,100,8,0.532506,-O0,50
1000,10,100,9,0.532392,-O0,50
1000,10,100,10,0.53699,-O0,50
1000,10,100,11,0.538571,-O0,50
1000,10,100,12,0.533701,-O0,50
1000,10,100,13,0.530978,-O0,50
1000,10,100,14,0.530315,-O0,50
1000,10,100,15,0.534978,-O0,50
1000,10,100,16,0.535037,-O0,50
1000,10,100,17,0.531752,-O0,50
1000,10,100,18,0.537765,-O0,50
1000,10,100,19,0.534747,-O0,50
1000,10,100,20,0.534483,-O0,50
1000,10,100,21,0.529426,-O0,50
1000,10,100,22,0.551677,-O0,50
1000,10,100,23,0.532543,-O0,50
1000,10,100,24,0.532661,-O0,50
1000,10,100,25,0.532079,-O0,50
1000,10,100,26,0.53149,-O0,50
1000,10,100,27,0.528672,-O0,50
1000,10,100,28,0.52976,-O0,50
1000,10,100,29,0.53256,-O0,50
1000,10,100,30,0.530345,-O0,50
1000,10,100,31,0.545282,-O0,50
1000,10,100,32,0.532004,-O0,50
1000,10,100,33,0.52851,-O0,50
1000,10,100,34,0.532129,-O0,50
1000,10,100,35,0.534136,-O0,50
1000,10,100,36,0.531595,-O0,50
1000,10,100,37,0.532921,-O0,50
1000,10,100,38,0.527321,-O0,50
1000,10,100,39,0.530564,-O0,50
1000,10,100,40,0.5331,-O0,50
1000,10,100,41,0.531371,-O0,50
1000,10,100,42,0.532987,-O0,50
1000,10,100,43,0.536082,-O0,50
1000,10,100,44,0.533467,-O0,50
1000,10,100,45,0.531186,-O0,50
1000,10,100,46,0.537254,-O0,50
1000,10,100,47,0.530407,-O0,50
1000,10,100,48,0.529508,-O0,50
1000,10,100,49,0.531593,-O0,50
2000,10,100,0,2.03708,-O0,50
2000,10,100,1,2.02081,-O0,50
2000,10,100,2,2.05553,-O0,50
2000,10,100,3,1.96548,-O0,50
2000,10,100,4,1.96562,-O0,50
2000,10,100,5,1.9801,-O0,50
2000,10,100,6,1.97683,-O0,50
2000,10,100,7,1.98269,-O0,50
2000,10,100,8,1.95463,-O0,50
2000,10,100,9,1.94439,-O0,50
2000,10,100,10,1.95555,-O0,50
2000,10,100,11,1.95094,-O0,50
2000,10,100,12,1.9846,-O0,50
2000,10,100,13,1.99011,-O0,50
2000,10,100,14,1.95579,-O0,50
2000,10,100,15,1.97588,-O0,50
2000,10,100,16,1.96759,-O0,50
2000,10,100,17,1.98526,-O0,50
2000,10,100,18,1.9932,-O0,50
2000,10,100,19,1.98162,-O0,50
2000,10,100,20,1.97452,-O0,50
2000,10,100,21,1.99132,-O0,50
2000,10,100,22,1.98227,-O0,50
2000,10,100,23,2.01709,-O0,50
2000,10,100,24,1.98857,-O0,50
2000,10,100,25,2.01036,-O0,50
2000,10,100,26,1.96157,-O0,50
2000,10,100,27,2.01846,-O0,50
2000,10,100,28,2.02938,-O0,50
2000,10,100,29,2.01523,-O0,50
2000,10,100,30,2.01267,-O0,50
2000,10,100,31,2.00194,-O0,50
2000,10,100,32,2.04558,-O0,50
2000,10,100,33,1.99889,-O0,50
2000,10,100,34,1.99694,-O0,50
2000,10,100,35,2.02137,-O0,50
2000,10,100,36,2.02312,-O0,50
2000,10,100,37,2.01929,-O0,50
2000,10,100,38,2.01764,-O0,50
2000,10,100,39,2.00942,-O0,50
2000,10,100,40,2.03138,-O0,50
2000,10,100,41,2.04304,-O0,50
2000,10,100,42,2.06438,-O0,50
2000,10,100,43,2.0168,-O0,50
2000,10,100,44,2.05918,-O0,50
2000,10,100,45,2.02156,-O0,50
2000,10,100,46,2.02192,-O0,50
2000,10,100,47,2.06084,-O0,50
2000,10,100,48,2.09944,-O0,50
2000,10,100,49,2.14163,-O0,50
3000,10,100,0,4.48869,-O0,50
3000,10,100,1,4.43487,-O0,50
3000,10,100,2,4.45305,-O0,50
3000,10,100,3,4.5991,-O0,50
3000,10,100,4,4.53362,-O0,50
3000,10,100,5,4.60276,-O0,50
3000,10,100,6,4.57156,-O0,50
3000,10,100,7,4.72288,-O0,50
3000,10,100,8,4.60672,-O0,50
3000,10,100,9,4.70754,-O0,50
3000,10,100,10,4.59876,-O0,50
3000,10,100,11,4.67178,-O0,50
3000,10,100,12,4.64602,-O0,50
3000,10,100,13,4.66775,-O0,50
3000,10,100,14,4.67218,-O0,50
3000,10,100,15,4.65857,-O0,50
3000,10,100,16,4.68322,-O0,50
3000,10,100,17,4.64027,-O0,50
3000,10,100,18,4.68375,-O0,50
3000,10,100,19,4.65254,-O0,50
3000,10,100,20,4.6094,-O0,50
3000,10,100,21,4.65799,-O0,50
3000,10,100,22,4.6774,-O0,50
3000,10,100,23,4.63194,-O0,50
3000,10,100,24,4.7849,-O0,50
3000,10,100,25,4.79617,-O0,50
3000,10,100,26,4.81723,-O0,50
3000,10,100,27,4.85367,-O0,50
3000,10,100,28,4.82811,-O0,50
3000,10,100,29,4.79243,-O0,50
3000,10,100,30,4.78771,-O0,50
3000,10,100,31,4.78342,-O0,50
3000,10,100,32,4.78961,-O0,50
3000,10,100,33,4.84645,-O0,50
3000,10,100,34,4.86869,-O0,50
3000,10,100,35,4.80858,-O0,50
3000,10,100,36,5.02635,-O0,50
3000,10,100,37,4.96437,-O0,50
3000,10,100,38,4.77483,-O0,50
3000,10,100,39,4.74775,-O0,50
3000,10,100,40,4.75954,-O0,50
3000,10,100,41,4.74845,-O0,50
3000,10,100,42,4.72593,-O0,50
3000,10,100,43,4.7634,-O0,50
3000,10,100,44,4.70505,-O0,50
3000,10,100,45,4.75316,-O0,50
3000,10,100,46,4.74156,-O0,50
3000,10,100,47,4.76206,-O0,50
3000,10,100,48,4.70075,-O0,50
3000,10,100,49,4.75157,-O0,50
4000,10,100,0,7.81968,-O0,50
4000,10,100,1,7.77437,-O0,50
4000,10,100,2,7.89484,-O0,50
4000,10,100,3,8.04069,-O0,50
4000,10,100,4,8.00632,-O0,50
4000,10,100,5,8.17796,-O0,50
4000,10,100,6,8.1904,-O0,50
4000,10,100,7,8.11174,-O0,50
4000,10,100,8,8.17506,-O0,50
4000,10,100,9,8.19431,-O0,50
4000,10,100,10,8.16732,-O0,50
4000,10,100,11,8.11722,-O0,50
4000,10,100,12,8.51179,-O0,50
4000,10,100,13,8.46049,-O0,50
4000,10,100,14,8.48228,-O0,50
4000,10,100,15,8.43788,-O0,50
4000,10,100,16,8.42902,-O0,50
4000,10,100,17,8.5798,-O0,50
4000,10,100,18,8.44305,-O0,50
4000,10,100,19,8.4587,-O0,50
4000,10,100,20,8.43292,-O0,50
4000,10,100,21,8.44895,-O0,50
4000,10,100,22,8.41145,-O0,50
4000,10,100,23,8.44505,-O0,50
4000,10,100,24,8.50571,-O0,50
4000,10,100,25,8.4509,-O0,50
4000,10,100,26,8.4071,-O0,50
4000,10,100,27,8.35007,-O0,50
4000,10,100,28,8.37984,-O0,50
4000,10,100,29,8.3993,-O0,50
4000,10,100,30,8.3199,-O0,50
4000,10,100,31,8.34892,-O0,50
4000,10,100,32,8.40185,-O0,50
4000,10,100,33,8.37821,-O0,50
4000,10,100,34,8.28723,-O0,50
4000,10,100,35,8.3302,-O0,50
4000,10,100,36,8.37222,-O0,50
4000,10,100,37,8.37923,-O0,50
4000,10,100,38,8.38301,-O0,50
4000,10,100,39,8.34585,-O0,50
4000,10,100,40,8.38416,-O0,50
4000,10,100,41,8.31597,-O0,50
4000,10,100,42,8.37966,-O0,50
4000,10,100,43,8.34839,-O0,50
4000,10,100,44,8.29472,-O0,50
4000,10,100,45,8.34486,-O0,50
4000,10,100,46,8.39417,-O0,50
4000,10,100,47,8.44912,-O0,50
4000,10,100,48,8.30985,-O0,50
4000,10,100,49,8.41967,-O0,50
5000,10,100,0,12.3033,-O0,50
5000,10,100,1,12.3212,-O0,50
5000,10,100,2,12.4716,-O0,50
5000,10,100,3,12.6737,-O0,50
5000,10,100,4,12.8838,-O0,50
5000,10,100,5,12.7278,-O0,50
5000,10,100,6,12.8373,-O0,50
5000,10,100,7,12.8406,-O0,50
5000,10,100,8,12.7454,-O0,50
5000,10,100,9,13.2717,-O0,50
5000,10,100,10,13.298,-O0,50
5000,10,100,11,13.2726,-O0,50
5000,10,100,12,13.2924,-O0,50
5000,10,100,13,13.3627,-O0,50
5000,10,100,14,13.3088,-O0,50
5000,10,100,15,13.0723,-O0,50
5000,10,100,16,13.1897,-O0,50
5000,10,100,17,13.1053,-O0,50
5000,10,100,18,13.1529,-O0,50
5000,10,100,19,13.1368,-O0,50
5000,10,100,20,13.1101,-O0,50
5000,10,100,21,13.0957,-O0,50
5000,10,100,22,13.0747,-O0,50
5000,10,100,23,13.1771,-O0,50
5000,10,100,24,13.0423,-O0,50
5000,10,100,25,13.152,-O0,50
5000,10,100,26,13.1365,-O0,50
5000,10,100,27,13.1295,-O0,50
5000,10,100,28,13.1195,-O0,50
5000,10,100,29,12.9634,-O0,50
5000,10,100,30,13.1006,-O0,50
5000,10,100,31,13.0496,-O0,50
5000,10,100,32,13.1275,-O0,50
5000,10,100,33,13.0547,-O0,50
5000,10,100,34,13.1263,-O0,50
5000,10,100,35,13.0207,-O0,50
5000,10,100,36,13.0503,-O0,50
5000,10,100,37,13.0335,-O0,50
5000,10,100,38,13.0317,-O0,50
5000,10,100,39,13.0987,-O0,50
5000,10,100,40,13.0086,-O0,50
5000,10,100,41,13.2076,-O0,50
5000,10,100,42,13.0465,-O0,50
5000,10,100,43,13.1534,-O0,50
5000,10,100,44,13.4947,-O0,50
5000,10,100,45,13.1579,-O0,50
5000,10,100,46,13.1506,-O0,50
5000,10,100,47,13.0928,-O0,50
5000,10,100,48,13.1235,-O0,50
5000,10,100,49,13.1111,-O0,50
10000,10,100,0,48.3878,-O0,50
10000,10,100,1,49.9027,-O0,50
10000,10,100,2,51.8537,-O0,50
10000,10,100,3,51.388,-O0,50
10000,10,100,4,51.2298,-O0,50
10000,10,100,5,51.1391,-O0,50
10000,10,100,6,51.595,-O0,50
10000,10,100,7,51.483,-O0,50
10000,10,100,8,50.95,-O0,50
10000,10,100,9,51.1792,-O0,50
10000,10,100,10,51.2492,-O0,50
10000,10,100,11,51.3793,-O0,50
10000,10,100,12,51.0672,-O0,50
10000,10,100,13,51.255,-O0,50
10000,10,100,14,51.2495,-O0,50
10000,10,100,15,51.0363,-O0,50
10000,10,100,16,50.9922,-O0,50
10000,10,100,17,51.8011,-O0,50
10000,10,100,18,51.6314,-O0,50
10000,10,100,19,51.4811,-O0,50
10000,10,100,20,51.296,-O0,50
10000,10,100,21,51.1822,-O0,50
10000,10,100,22,51.1956,-O0,50
10000,10,100,23,51.2541,-O0,50
10000,10,100,24,51.1573,-O0,50
10000,10,100,25,51.283,-O0,50
10000,10,100,26,51.3221,-O0,50
10000,10,100,27,51.066,-O0,50
10000,10,100,28,51.5689,-O0,50
10000,10,100,29,51.7458,-O0,50
10000,10,100,30,51.1478,-O0,50
10000,10,100,31,51.3462,-O0,50
10000,10,100,32,51.5056,-O0,50
10000,10,100,33,51.2798,-O0,50
10000,10,100,34,51.2718,-O0,50
10000,10,100,35,51.5418,-O0,50
10000,10,100,36,51.1704,-O0,50
10000,10,100,37,51.1539,-O0,50
10000,10,100,38,51.1362,-O0,50
10000,10,100,39,51.2214,-O0,50
10000,10,100,40,51.2042,-O0,50
10000,10,100,41,51.0778,-O0,50
10000,10,100,42,51.5014,-O0,50
10000,10,100,43,50.9988,-O0,50
10000,10,100,44,51.2595,-O0,50
10000,10,100,45,51.2056,-O0,50
10000,10,100,46,51.2774,-O0,50
10000,10,100,47,51.0315,-O0,50
10000,10,100,48,51.1513,-O0,50
10000,10,100,49,51.2742,-O0,50
1000,10,100,0,0.110152,-O2 -ftree-vectorize,50
1000,10,100,1,0.0976998,-O2 -ftree-vectorize,50
1000,10,100,2,0.097837,-O2 -ftree-vectorize,50
1000,10,100,3,0.101509,-O2 -ftree-vectorize,50
1000,10,100,4,0.107751,-O2 -ftree-vectorize,50
1000,10,100,5,0.0975187,-O2 -ftree-vectorize,50
1000,10,100,6,0.0971023,-O2 -ftree-vectorize,50
1000,10,100,7,0.0977183,-O2 -ftree-vectorize,50
1000,10,100,8,0.0975093,-O2 -ftree-vectorize,50
1000,10,100,9,0.098063,-O2 -ftree-vectorize,50
1000,10,100,10,0.0975781,-O2 -ftree-vectorize,50
1000,10,100,11,0.0983322,-O2 -ftree-vectorize,50
1000,10,100,12,0.0974747,-O2 -ftree-vectorize,50
1000,10,100,13,0.0992199,-O2 -ftree-vectorize,50
1000,10,100,14,0.0974276,-O2 -ftree-vectorize,50
1000,10,100,15,0.0981521,-O2 -ftree-vectorize,50
1000,10,100,16,0.0974646,-O2 -ftree-vectorize,50
1000,10,100,17,0.0970334,-O2 -ftree-vectorize,50
1000,10,100,18,0.0982601,-O2 -ftree-vectorize,50
1000,10,100,19,0.0969492,-O2 -ftree-vectorize,50
1000,10,100,20,0.0982585,-O2 -ftree-vectorize,50
1000,10,100,21,0.097241,-O2 -ftree-vectorize,50
1000,10,100,22,0.0967637,-O2 -ftree-vectorize,50
1000,10,100,23,0.0972332,-O2 -ftree-vectorize,50
1000,10,100,24,0.0971376,-O2 -ftree-vectorize,50
1000,10,100,25,0.0985728,-O2 -ftree-vectorize,50
1000,10,100,26,0.0968558,-O2 -ftree-vectorize,50
1000,10,100,27,0.104249,-O2 -ftree-vectorize,50
1000,10,100,28,0.10799,-O2 -ftree-vectorize,50
1000,10,100,29,0.102606,-O2 -ftree-vectorize,50
1000,10,100,30,0.0978202,-O2 -ftree-vectorize,50
1000,10,100,31,0.0968692,-O2 -ftree-vectorize,50
1000,10,100,32,0.0973689,-O2 -ftree-vectorize,50
1000,10,100,33,0.0974021,-O2 -ftree-vectorize,50
1000,10,100,34,0.0979505,-O2 -ftree-vectorize,50
1000,10,100,35,0.0966662,-O2 -ftree-vectorize,50
1000,10,100,36,0.0975722,-O2 -ftree-vectorize,50
1000,10,100,37,0.0971311,-O2 -ftree-vectorize,50
1000,10,100,38,0.097551,-O2 -ftree-vectorize,50
1000,10,100,39,0.0971044,-O2 -ftree-vectorize,50
1000,10,100,40,0.0973896,-O2 -ftree-vectorize,50
1000,10,100,41,0.0978353,-O2 -ftree-vectorize,50
1000,10,100,42,0.096753,-O2 -ftree-vectorize,50
1000,10,100,43,0.0971762,-O2 -ftree-vectorize,50
1000,10,100,44,0.0990199,-O2 -ftree-vectorize,50
1000,10,100,45,0.110893,-O2 -ftree-vectorize,50
1000,10,100,46,0.100402,-O2 -ftree-vectorize,50
1000,10,100,47,0.0980842,-O2 -ftree-vectorize,50
1000,10,100,48,0.0984155,-O2 -ftree-vectorize,50
1000,10,100,49,0.102495,-O2 -ftree-vectorize,50
2000,10,100,0,0.370309,-O2 -ftree-vectorize,50
2000,10,100,1,0.354323,-O2 -ftree-vectorize,50
2000,10,100,2,0.354453,-O2 -ftree-vectorize,50
2000,10,100,3,0.353184,-O2 -ftree-vectorize,50
2000,10,100,4,0.351664,-O2 -ftree-vectorize,50
2000,10,100,5,0.350008,-O2 -ftree-vectorize,50
2000,10,100,6,0.350826,-O2 -ftree-vectorize,50
2000,10,100,7,0.351023,-O2 -ftree-vectorize,50
2000,10,100,8,0.352158,-O2 -ftree-vectorize,50
2000,10,100,9,0.351958,-O2 -ftree-vectorize,50
2000,10,100,10,0.348723,-O2 -ftree-vectorize,50
2000,10,100,11,0.352838,-O2 -ftree-vectorize,50
2000,10,100,12,0.382168,-O2 -ftree-vectorize,50
2000,10,100,13,0.385321,-O2 -ftree-vectorize,50
2000,10,100,14,0.384261,-O2 -ftree-vectorize,50
2000,10,100,15,0.365491,-O2 -ftree-vectorize,50
2000,10,100,16,0.356,-O2 -ftree-vectorize,50
2000,10,100,17,0.359163,-O2 -ftree-vectorize,50
2000,10,100,18,0.350792,-O2 -ftree-vectorize,50
2000,10,100,19,0.351158,-O2 -ftree-vectorize,50
2000,10,100,20,0.361603,-O2 -ftree-vectorize,50
2000,10,100,21,0.350221,-O2 -ftree-vectorize,50
2000,10,100,22,0.352172,-O2 -ftree-vectorize,50
2000,10,100,23,0.351771,-O2 -ftree-vectorize,50
2000,10,100,24,0.35182,-O2 -ftree-vectorize,50
2000,10,100,25,0.353242,-O2 -ftree-vectorize,50
2000,10,100,26,0.36286,-O2 -ftree-vectorize,50
2000,10,100,27,0.348859,-O2 -ftree-vectorize,50
2000,10,100,28,0.348603,-O2 -ftree-vectorize,50
2000,10,100,29,0.352004,-O2 -ftree-vectorize,50
2000,10,100,30,0.347927,-O2 -ftree-vectorize,50
2000,10,100,31,0.350361,-O2 -ftree-vectorize,50
2000,10,100,32,0.34971,-O2 -ftree-vectorize,50
2000,10,100,33,0.350248,-O2 -ftree-vectorize,50
2000,10,100,34,0.351324,-O2 -ftree-vectorize,50
2000,10,100,35,0.347733,-O2 -ftree-vectorize,50
2000,10,100,36,0.35411,-O2 -ftree-vectorize,50
2000,10,100,37,0.348476,-O2 -ftree-vectorize,50
2000,10,100,38,0.352237,-O2 -ftree-vectorize,50
2000,10,100,39,0.349573,-O2 -ftree-vectorize,50
2000,10,100,40,0.350378,-O2 -ftree-vectorize,50
2000,10,100,41,0.354662,-O2 -ftree-vectorize,50
2000,10,100,42,0.357272,-O2 -ftree-vectorize,50
2000,10,100,43,0.367102,-O2 -ftree-vectorize,50
2000,10,100,44,0.350449,-O2 -ftree-vectorize,50
2000,10,100,45,0.353146,-O2 -ftree-vectorize,50
2000,10,100,46,0.348529,-O2 -ftree-vectorize,50
2000,10,100,47,0.35118,-O2 -ftree-vectorize,50
2000,10,100,48,0.348848,-O2 -ftree-vectorize,50
2000,10,100,49,0.346784,-O2 -ftree-vectorize,50
3000,10,100,0,0.831609,-O2 -ftree-vectorize,50
3000,10,100,1,0.780796,-O2 -ftree-vectorize,50
3000,10,100,2,0.763495,-O2 -ftree-vectorize,50
3000,10,100,3,0.782211,-O2 -ftree-vectorize,50
3000,10,100,4,0.76603,-O2 -ftree-vectorize,50
3000,10,100,5,0.764296,-O2 -ftree-vectorize,50
3000,10,100,6,0.770747,-O2 -ftree-vectorize,50
3000,10,100,7,0.766153,-O2 -ftree-vectorize,50
3000,10,100,8,0.760007,-O2 -ftree-vectorize,50
3000,10,100,9,0.763892,-O2 -ftree-vectorize,50
3000,10,100,10,0.766424,-O2 -ftree-vectorize,50
3000,10,100,11,0.766348,-O2 -ftree-vectorize,50
3000,10,100,12,0.760356,-O2 -ftree-vectorize,50
3000,10,100,13,0.765929,-O2 -ftree-vectorize,50
3000,10,100,14,0.766751,-O2 -ftree-vectorize,50
3000,10,100,15,0.799532,-O2 -ftree-vectorize,50
3000,10,100,16,0.761055,-O2 -ftree-vectorize,50
3000,10,100,17,0.75822,-O2 -ftree-vectorize,50
3000,10,100,18,0.758645,-O2 -ftree-vectorize,50
3000,10,100,19,0.760521,-O2 -ftree-vectorize,50
3000,10,100,20,0.78064,-O2 -ftree-vectorize,50
3000,10,100,21,0.780593,-O2 -ftree-vectorize,50
3000,10,100,22,0.772671,-O2 -ftree-vectorize,50
3000,10,100,23,0.802083,-O2 -ftree-vectorize,50
3000,10,100,24,0.757901,-O2 -ftree-vectorize,50
3000,10,100,25,0.765433,-O2 -ftree-vectorize,50
3000,10,100,26,0.761012,-O2 -ftree-vectorize,50
3000,10,100,27,0.780021,-O2 -ftree-vectorize,50
3000,10,100,28,0.758374,-O2 -ftree-vectorize,50
3000,10,100,29,0.759086,-O2 -ftree-vectorize,50
3000,10,100,30,0.756665,-O2 -ftree-vectorize,50
3000,10,100,31,0.762366,-O2 -ftree-vectorize,50
3000,10,100,32,0.766771,-O2 -ftree-vectorize,50
3000,10,100,33,0.800979,-O2 -ftree-vectorize,50
3000,10,100,34,0.764542,-O2 -ftree-vectorize,50
3000,10,100,35,0.76546,-O2 -ftree-vectorize,50
3000,10,100,36,0.759337,-O2 -ftree-vectorize,50
3000,10,100,37,0.784515,-O2 -ftree-vectorize,50
3000,10,100,38,0.762251,-O2 -ftree-vectorize,50
3000,10,100,39,0.76762,-O2 -ftree-vectorize,50
3000,10,100,40,0.78079,-O2 -ftree-vectorize,50
3000,10,100,41,0.765333,-O2 -ftree-vectorize,50
3000,10,100,42,0.756481,-O2 -ftree-vectorize,50
3000,10,100,43,0.757624,-O2 -ftree-vectorize,50
3000,10,100,44,0.761186,-O2 -ftree-vectorize,50
3000,10,100,45,0.762277,-O2 -ftree-vectorize,50
3000,10,100,46,0.76195,-O2 -ftree-vectorize,50
3000,10,100,47,0.76836,-O2 -ftree-vectorize,50
3000,10,100,48,0.759767,-O2 -ftree-vectorize,50
3000,10,100,49,0.758428,-O2 -ftree-vectorize,50
4000,10,100,0,1.36522,-O2 -ftree-vectorize,50
4000,10,100,1,1.32832,-O2 -ftree-vectorize,50
4000,10,100,2,1.34047,-O2 -ftree-vectorize,50
4000,10,100,3,1.34805,-O2 -ftree-vectorize,50
4000,10,100,4,1.32936,-O2 -ftree-vectorize,50
4000,10,100,5,1.3313,-O2 -ftree-vectorize,50
4000,10,100,6,1.33547,-O2 -ftree-vectorize,50
4000,10,100,7,1.31977,-O2 -ftree-vectorize,50
4000,10,100,8,1.32891,-O2 -ftree-vectorize,50
4000,10,100,9,1.33291,-O2 -ftree-vectorize,50
4000,10,100,10,1.31946,-O2 -ftree-vectorize,50
4000,10,100,11,1.34729,-O2 -ftree-vectorize,50
4000,10,100,12,1.33863,-O2 -ftree-vectorize,50
4000,10,100,13,1.33034,-O2 -ftree-vectorize,50
4000,10,100,14,1.35865,-O2 -ftree-vectorize,50
4000,10,100,15,1.33228,-O2 -ftree-vectorize,50
4000,10,100,16,1.33959,-O2 -ftree-vectorize,50
4000,10,100,17,1.32197,-O2 -ftree-vectorize,50
4000,10,100,18,1.31453,-O2 -ftree-vectorize,50
4000,10,100,19,1.33308,-O2 -ftree-vectorize,50
4000,10,100,20,1.3231,-O2 -ftree-vectorize,50
4000,10,100,21,1.31684,-O2 -ftree-vectorize,50
4000,10,100,22,1.33235,-O2 -ftree-vectorize,50
4000,10,100,23,1.32911,-O2 -ftree-vectorize,50
4000,10,100,24,1.32506,-O2 -ftree-vectorize,50
4000,10,100,25,1.3317,-O2 -ftree-vectorize,50
4000,10,100,26,1.32007,-O2 -ftree-vectorize,50
4000,10,100,27,1.32841,-O2 -ftree-vectorize,50
4000,10,100,28,1.33128,-O2 -ftree-vectorize,50
4000,10,100,29,1.35701,-O2 -ftree-vectorize,50
4000,10,100,30,1.32061,-O2 -ftree-vectorize,50
4000,10,100,31,1.33441,-O2 -ftree-vectorize,50
4000,10,100,32,1.33106,-O2 -ftree-vectorize,50
4000,10,100,33,1.32528,-O2 -ftree-vectorize,50
4000,10,100,34,1.3284,-O2 -ftree-vectorize,50
4000,10,100,35,1.32276,-O2 -ftree-vectorize,50
4000,10,100,36,1.34007,-O2 -ftree-vectorize,50
4000,10,100,37,1.32245,-O2 -ftree-vectorize,50
4000,10,100,38,1.34421,-O2 -ftree-vectorize,50
4000,10,100,39,1.33959,-O2 -ftree-vectorize,50
4000,10,100,40,1.31289,-O2 -ftree-vectorize,50
4000,10,100,41,1.31741,-O2 -ftree-vectorize,50
4000,10,100,42,1.31838,-O2 -ftree-vectorize,50
4000,10,100,43,1.34037,-O2 -ftree-vectorize,50
4000,10,100,44,1.3287,-O2 -ftree-vectorize,50
4000,10,100,45,1.31606,-O2 -ftree-vectorize,50
4000,10,100,46,1.33834,-O2 -ftree-vectorize,50
4000,10,100,47,1.32027,-O2 -ftree-vectorize,50
4000,10,100,48,1.33808,-O2 -ftree-vectorize,50
4000,10,100,49,1.34229,-O2 -ftree-vectorize,50
5000,10,100,0,2.1392,-O2 -ftree-vectorize,50
5000,10,100,1,2.15705,-O2 -ftree-vectorize,50
5000,10,100,2,2.13674,-O2 -ftree-vectorize,50
5000,10,100,3,2.10053,-O2 -ftree-vectorize,50
5000,10,100,4,2.10828,-O2 -ftree-vectorize,50
5000,10,100,5,2.10833,-O2 -ftree-vectorize,50
5000,10,100,6,2.10306,-O2 -ftree-vectorize,50
5000,10,100,7,2.11006,-O2 -ftree-vectorize,50
5000,10,100,8,2.1136,-O2 -ftree-vectorize,50
5000,10,100,9,2.10219,-O2 -ftree-vectorize,50
5000,10,100,10,2.11191,-O2 -ftree-vectorize,50
5000,10,100,11,2.11001,-O2 -ftree-vectorize,50
5000,10,100,12,2.08987,-O2 -ftree-vectorize,50
5000,10,100,13,2.09896,-O2 -ftree-vectorize,50
5000,10,100,14,2.13622,-O2 -ftree-vectorize,50
5000,10,100,15,2.15695,-O2 -ftree-vectorize,50
5000,10,100,16,2.12237,-O2 -ftree-vectorize,50
5000,10,100,17,2.10641,-O2 -ftree-vectorize,50
5000,10,100,18,2.09553,-O2 -ftree-vectorize,50
5000,10,100,19,2.08531,-O2 -ftree-vectorize,50
5000,10,100,20,2.10296,-O2 -ftree-vectorize,50
5000,10,100,21,2.11554,-O2 -ftree-vectorize,50
5000,10,100,22,2.09001,-O2 -ftree-vectorize,50
5000,10,100,23,2.11622,-O2 -ftree-vectorize,50
5000,10,100,24,2.10168,-O2 -ftree-vectorize,50
5000,10,100,25,2.12359,-O2 -ftree-vectorize,50
5000,10,100,26,2.0965,-O2 -ftree-vectorize,50
5000,10,100,27,2.10654,-O2 -ftree-vectorize,50
5000,10,100,28,2.11393,-O2 -ftree-vectorize,50
5000,10,100,29,2.09363,-O2 -ftree-vectorize,50
5000,10,100,30,2.11493,-O2 -ftree-vectorize,50
5000,10,100,31,2.10442,-O2 -ftree-vectorize,50
5000,10,100,32,2.10442,-O2 -ftree-vectorize,50
5000,10,100,33,2.10269,-O2 -ftree-vectorize,50
5000,10,100,34,2.11081,-O2 -ftree-vectorize,50
5000,10,100,35,2.13788,-O2 -ftree-vectorize,50
5000,10,100,36,2.10249,-O2 -ftree-vectorize,50
5000,10,100,37,2.10086,-O2 -ftree-vectorize,50
5000,10,100,38,2.09777,-O2 -ftree-vectorize,50
5000,10,100,39,2.09683,-O2 -ftree-vectorize,50
5000,10,100,40,2.11429,-O2 -ftree-vectorize,50
5000,10,100,41,2.09164,-O2 -ftree-vectorize,50
5000,10,100,42,2.10956,-O2 -ftree-vectorize,50
5000,10,100,43,2.09621,-O2 -ftree-vectorize,50
5000,10,100,44,2.12745,-O2 -ftree-vectorize,50
5000,10,100,45,2.09921,-O2 -ftree-vectorize,50
5000,10,100,46,2.10407,-O2 -ftree-vectorize,50
5000,10,100,47,2.11535,-O2 -ftree-vectorize,50
5000,10,100,48,2.1016,-O2 -ftree-vectorize,50
5000,10,100,49,2.12925,-O2 -ftree-vectorize,50
10000,10,100,0,8.43959,-O2 -ftree-vectorize,50
10000,10,100,1,8.43098,-O2 -ftree-vectorize,50
10000,10,100,2,8.46721,-O2 -ftree-vectorize,50
10000,10,100,3,8.48018,-O2 -ftree-vectorize,50
10000,10,100,4,8.46257,-O2 -ftree-vectorize,50
10000,10,100,5,8.42076,-O2 -ftree-vectorize,50
10000,10,100,6,8.46477,-O2 -ftree-vectorize,50
10000,10,100,7,8.362,-O2 -ftree-vectorize,50
10000,10,100,8,8.52609,-O2 -ftree-vectorize,50
10000,10,100,9,8.42542,-O2 -ftree-vectorize,50
10000,10,100,10,8.64351,-O2 -ftree-vectorize,50
10000,10,100,11,8.47731,-O2 -ftree-vectorize,50
10000,10,100,12,8.43667,-O2 -ftree-vectorize,50
10000,10,100,13,8.35469,-O2 -ftree-vectorize,50
10000,10,100,14,8.40536,-O2 -ftree-vectorize,50
10000,10,100,15,8.44673,-O2 -ftree-vectorize,50
10000,10,100,16,8.5428,-O2 -ftree-vectorize,50
10000,10,100,17,8.47721,-O2 -ftree-vectorize,50
10000,10,100,18,8.40378,-O2 -ftree-vectorize,50
10000,10,100,19,8.45172,-O2 -ftree-vectorize,50
