1000,10,100,0,0.0175067,-O3
1000,10,100,1,0.0152964,-O3
1000,10,100,2,0.015395,-O3
1000,10,100,3,0.0155715,-O3
1000,10,100,4,0.0153737,-O3
1000,10,100,5,0.0148606,-O3
1000,10,100,6,0.0145003,-O3
1000,10,100,7,0.0145554,-O3
1000,10,100,8,0.014752,-O3
1000,10,100,9,0.0147223,-O3
1000,10,100,10,0.0147086,-O3
1000,10,100,11,0.0147556,-O3
1000,10,100,12,0.0144711,-O3
1000,10,100,13,0.0150362,-O3
1000,10,100,14,0.0143451,-O3
1000,10,100,15,0.0144858,-O3
1000,10,100,16,0.0143121,-O3
1000,10,100,17,0.0144015,-O3
1000,10,100,18,0.0142821,-O3
1000,10,100,19,0.0141651,-O3
1000,10,100,20,0.0141623,-O3
1000,10,100,21,0.0140679,-O3
1000,10,100,22,0.0143253,-O3
1000,10,100,23,0.0146733,-O3
1000,10,100,24,0.014819,-O3
1000,10,100,25,0.0142409,-O3
1000,10,100,26,0.0142441,-O3
1000,10,100,27,0.0142036,-O3
1000,10,100,28,0.0141831,-O3
1000,10,100,29,0.014287,-O3
1000,10,100,30,0.0155076,-O3
1000,10,100,31,0.0146942,-O3
1000,10,100,32,0.0142531,-O3
1000,10,100,33,0.0140999,-O3
1000,10,100,34,0.0145468,-O3
1000,10,100,35,0.0144723,-O3
1000,10,100,36,0.014314,-O3
1000,10,100,37,0.0144022,-O3
1000,10,100,38,0.0144668,-O3
1000,10,100,39,0.0143502,-O3
1000,10,100,40,0.0142707,-O3
1000,10,100,41,0.0142599,-O3
1000,10,100,42,0.0144205,-O3
1000,10,100,43,0.0141781,-O3
1000,10,100,44,0.0143582,-O3
1000,10,100,45,0.0142118,-O3
1000,10,100,46,0.0141558,-O3
1000,10,100,47,0.014368,-O3
1000,10,100,48,0.0147884,-O3
1000,10,100,49,0.0143989,-O3
2000,10,100,0,0.0807452,-O3
2000,10,100,1,0.0733772,-O3
2000,10,100,2,0.0690745,-O3
2000,10,100,3,0.0693208,-O3
2000,10,100,4,0.0708549,-O3
2000,10,100,5,0.0716457,-O3
2000,10,100,6,0.0705698,-O3
2000,10,100,7,0.0705795,-O3
2000,10,100,8,0.0686304,-O3
2000,10,100,9,0.0685425,-O3
2000,10,100,10,0.0710529,-O3
2000,10,100,11,0.0690608,-O3
2000,10,100,12,0.0699556,-O3
2000,10,100,13,0.068691,-O3
2000,10,100,14,0.0682426,-O3
2000,10,100,15,0.0685097,-O3
2000,10,100,16,0.0686963,-O3
2000,10,100,17,0.0694645,-O3
2000,10,100,18,0.0689169,-O3
2000,10,100,19,0.0693383,-O3
2000,10,100,20,0.0680894,-O3
2000,10,100,21,0.0686301,-O3
2000,10,100,22,0.0685828,-O3
2000,10,100,23,0.0689532,-O3
2000,10,100,24,0.069809,-O3
2000,10,100,25,0.0683374,-O3
2000,10,100,26,0.0705854,-O3
2000,10,100,27,0.0827742,-O3
2000,10,100,28,0.0834055,-O3
2000,10,100,29,0.0704483,-O3
2000,10,100,30,0.0713979,-O3
2000,10,100,31,0.0697373,-O3
2000,10,100,32,0.0674418,-O3
2000,10,100,33,0.0764243,-O3
2000,10,100,34,0.0730397,-O3
2000,10,100,35,0.070631,-O3
2000,10,100,36,0.0685166,-O3
2000,10,100,37,0.0674021,-O3
2000,10,100,38,0.0671532,-O3
2000,10,100,39,0.0672323,-O3
2000,10,100,40,0.0673247,-O3
2000,10,100,41,0.0677448,-O3
2000,10,100,42,0.067246,-O3
2000,10,100,43,0.0688203,-O3
2000,10,100,44,0.0683712,-O3
2000,10,100,45,0.0682673,-O3
2000,10,100,46,0.067755,-O3
2000,10,100,47,0.0688405,-O3
2000,10,100,48,0.0678683,-O3
2000,10,100,49,0.067509,-O3
3000,10,100,0,0.214208,-O3
3000,10,100,1,0.203253,-O3
3000,10,100,2,0.201488,-O3
3000,10,100,3,0.202884,-O3
3000,10,100,4,0.201704,-O3
3000,10,100,5,0.203964,-O3
3000,10,100,6,0.202362,-O3
3000,10,100,7,0.201899,-O3
3000,10,100,8,0.203698,-O3
3000,10,100,9,0.201815,-O3
3000,10,100,10,0.2018,-O3
3000,10,100,11,0.20203,-O3
3000,10,100,12,0.222104,-O3
3000,10,100,13,0.202603,-O3
3000,10,100,14,0.202913,-O3
3000,10,100,15,0.20373,-O3
3000,10,100,16,0.201106,-O3
3000,10,100,17,0.201868,-O3
3000,10,100,18,0.201742,-O3
3000,10,100,19,0.199665,-O3
3000,10,100,20,0.199334,-O3
3000,10,100,21,0.19782,-O3
3000,10,100,22,0.199626,-O3
3000,10,100,23,0.210169,-O3
3000,10,100,24,0.199407,-O3
3000,10,100,25,0.202845,-O3
3000,10,100,26,0.199247,-O3
3000,10,100,27,0.199388,-O3
3000,10,100,28,0.199619,-O3
3000,10,100,29,0.198496,-O3
3000,10,100,30,0.198195,-O3
3000,10,100,31,0.198284,-O3
3000,10,100,32,0.199129,-O3
3000,10,100,33,0.199256,-O3
3000,10,100,34,0.19783,-O3
3000,10,100,35,0.199545,-O3
3000,10,100,36,0.196929,-O3
3000,10,100,37,0.19808,-O3
3000,10,100,38,0.197466,-O3
3000,10,100,39,0.198046,-O3
3000,10,100,40,0.199373,-O3
3000,10,100,41,0.197839,-O3
3000,10,100,42,0.197113,-O3
3000,10,100,43,0.198917,-O3
3000,10,100,44,0.198497,-O3
3000,10,100,45,0.19918,-O3
3000,10,100,46,0.199068,-O3
3000,10,100,47,0.198673,-O3
3000,10,100,48,0.198048,-O3
3000,10,100,49,0.198681,-O3
4000,10,100,0,0.363956,-O3
4000,10,100,1,0.353339,-O3
4000,10,100,2,0.351243,-O3
4000,10,100,3,0.367058,-O3
4000,10,100,4,0.350363,-O3
4000,10,100,5,0.351016,-O3
4000,10,100,6,0.362643,-O3
4000,10,100,7,0.353605,-O3
4000,10,100,8,0.34568,-O3
4000,10,100,9,0.343929,-O3
4000,10,100,10,0.344037,-O3
4000,10,100,11,0.34205,-O3
4000,10,100,12,0.342263,-O3
4000,10,100,13,0.342493,-O3
4000,10,100,14,0.342361,-O3
4000,10,100,15,0.369636,-O3
4000,10,100,16,0.356632,-O3
4000,10,100,17,0.37124,-O3
4000,10,100,18,0.37384,-O3
4000,10,100,19,0.361909,-O3
4000,10,100,20,0.35727,-O3
4000,10,100,21,0.351789,-O3
4000,10,100,22,0.360221,-O3
4000,10,100,23,0.353804,-O3
4000,10,100,24,0.357298,-O3
4000,10,100,25,0.362914,-O3
4000,10,100,26,0.357302,-O3
4000,10,100,27,0.361235,-O3
4000,10,100,28,0.357797,-O3
4000,10,100,29,0.363113,-O3
4000,10,100,30,0.404693,-O3
4000,10,100,31,0.36801,-O3
4000,10,100,32,0.357306,-O3
4000,10,100,33,0.350426,-O3
4000,10,100,34,0.350821,-O3
4000,10,100,35,0.34985,-O3
4000,10,100,36,0.361814,-O3
4000,10,100,37,0.352081,-O3
4000,10,100,38,0.351829,-O3
4000,10,100,39,0.351662,-O3
4000,10,100,40,0.350233,-O3
4000,10,100,41,0.351885,-O3
4000,10,100,42,0.350034,-O3
4000,10,100,43,0.351897,-O3
4000,10,100,44,0.352971,-O3
4000,10,100,45,0.359554,-O3
4000,10,100,46,0.352925,-O3
4000,10,100,47,0.349562,-O3
4000,10,100,48,0.346856,-O3
4000,10,100,49,0.345676,-O3
5000,10,100,0,0.559751,-O3
5000,10,100,1,0.595046,-O3
5000,10,100,2,0.557427,-O3
5000,10,100,3,0.54526,-O3
5000,10,100,4,0.549556,-O3
5000,10,100,5,0.540632,-O3
5000,10,100,6,0.540069,-O3
5000,10,100,7,0.552832,-O3
5000,10,100,8,0.554813,-O3
5000,10,100,9,0.537435,-O3
5000,10,100,10,0.537477,-O3
5000,10,100,11,0.533722,-O3
5000,10,100,12,0.532276,-O3
5000,10,100,13,0.528999,-O3
5000,10,100,14,0.529655,-O3
5000,10,100,15,0.530651,-O3
5000,10,100,16,0.532094,-O3
5000,10,100,17,0.53292,-O3
5000,10,100,18,0.544129,-O3
5000,10,100,19,0.527679,-O3
5000,10,100,20,0.527509,-O3
5000,10,100,21,0.529138,-O3
5000,10,100,22,0.529418,-O3
5000,10,100,23,0.527775,-O3
5000,10,100,24,0.528533,-O3
5000,10,100,25,0.529504,-O3
5000,10,100,26,0.531027,-O3
5000,10,100,27,0.529846,-O3
5000,10,100,28,0.534947,-O3
5000,10,100,29,0.543521,-O3
5000,10,100,30,0.553827,-O3
5000,10,100,31,0.550178,-O3
5000,10,100,32,0.556042,-O3
5000,10,100,33,0.540618,-O3
5000,10,100,34,0.556118,-O3
5000,10,100,35,0.541165,-O3
5000,10,100,36,0.542264,-O3
5000,10,100,37,0.556009,-O3
5000,10,100,38,0.540312,-O3
5000,10,100,39,0.536932,-O3
5000,10,100,40,0.529088,-O3
5000,10,100,41,0.529357,-O3
5000,10,100,42,0.528825,-O3
5000,10,100,43,0.527881,-O3
5000,10,100,44,0.529193,-O3
5000,10,100,45,0.529788,-O3
5000,10,100,46,0.529105,-O3
5000,10,100,47,0.529748,-O3
5000,10,100,48,0.530464,-O3
5000,10,100,49,0.530893,-O3
10000,10,100,0,2.12628,-O3
10000,10,100,1,2.12179,-O3
10000,10,100,2,2.07902,-O3
10000,10,100,3,2.07591,-O3
10000,10,100,4,2.10112,-O3
10000,10,100,5,2.07601,-O3
10000,10,100,6,2.082,-O3
10000,10,100,7,2.076,-O3
10000,10,100,8,2.09473,-O3
10000,10,100,9,2.08142,-O3
10000,10,100,10,2.076,-O3
10000,10,100,11,2.07289,-O3
10000,10,100,12,2.08324,-O3
10000,10,100,13,2.09409,-O3
10000,10,100,14,2.07718,-O3
10000,10,100,15,2.07645,-O3
10000,10,100,16,2.07125,-O3
10000,10,100,17,2.0896,-O3
10000,10,100,18,2.07164,-O3
10000,10,100,19,2.07553,-O3
10000,10,100,20,2.0757,-O3
10000,10,100,21,2.07904,-O3
10000,10,100,22,2.09978,-O3
10000,10,100,23,2.07787,-O3
10000,10,100,24,2.08572,-O3
10000,10,100,25,2.07669,-O3
10000,10,100,26,2.0777,-O3
10000,10,100,27,2.09724,-O3
10000,10,100,28,2.13176,-O3
10000,10,100,29,2.08866,-O3
10000,10,100,30,2.07546,-O3
10000,10,100,31,2.08801,-O3
10000,10,100,32,2.09595,-O3
10000,10,100,33,2.09704,-O3
10000,10,100,34,2.07463,-O3
10000,10,100,35,2.09755,-O3
10000,10,100,36,2.09071,-O3
10000,10,100,37,2.13407,-O3
10000,10,100,38,2.16752,-O3
10000,10,100,39,2.1366,-O3
10000,10,100,40,2.11632,-O3
10000,10,100,41,2.08765,-O3
10000,10,100,42,2.09015,-O3
10000,10,100,43,2.10877,-O3
10000,10,100,44,2.09228,-O3
10000,10,100,45,2.08595,-O3
10000,10,100,46,2.10476,-O3
10000,10,100,47,2.09463,-O3
10000,10,100,48,2.08435,-O3
10000,10,100,49,2.09112,-O3
1000,10,100,0,0.466204,-O0
1000,10,100,1,0.452389,-O0
1000,10,100,2,0.447206,-O0
1000,10,100,3,0.46152,-O0
1000,10,100,4,0.46958,-O0
1000,10,100,5,0.459201,-O0
1000,10,100,6,0.447322,-O0
1000,10,100,7,0.446869,-O0
1000,10,100,8,0.447495,-O0
1000,10,100,9,0.451215,-O0
1000,10,100,10,0.462669,-O0
1000,10,100,11,0.448767,-O0
1000,10,100,12,0.451456,-O0
1000,10,100,13,0.447467,-O0
1000,10,100,14,0.46394,-O0
1000,10,100,15,0.456379,-O0
1000,10,100,16,0.448084,-O0
1000,10,100,17,0.448958,-O0
1000,10,100,18,0.446461,-O0
1000,10,100,19,0.453266,-O0
1000,10,100,20,0.448582,-O0
1000,10,100,21,0.449401,-O0
1000,10,100,22,0.449036,-O0
1000,10,100,23,0.455321,-O0
1000,10,100,24,0.453829,-O0
1000,10,100,25,0.445996,-O0
1000,10,100,26,0.448869,-O0
1000,10,100,27,0.447182,-O0
1000,10,100,28,0.446499,-O0
1000,10,100,29,0.449031,-O0
1000,10,100,30,0.44664,-O0
1000,10,100,31,0.449436,-O0
1000,10,100,32,0.452651,-O0
1000,10,100,33,0.44787,-O0
1000,10,100,34,0.447006,-O0
1000,10,100,35,0.449878,-O0
1000,10,100,36,0.4487,-O0
1000,10,100,37,0.449682,-O0
1000,10,100,38,0.44569,-O0
1000,10,100,39,0.450053,-O0
1000,10,100,40,0.447576,-O0
1000,10,100,41,0.450209,-O0
1000,10,100,42,0.451591,-O0
1000,10,100,43,0.453082,-O0
1000,10,100,44,0.454533,-O0
1000,10,100,45,0.453925,-O0
1000,10,100,46,0.478635,-O0
1000,10,100,47,0.4547,-O0
1000,10,100,48,0.455373,-O0
1000,10,100,49,0.458511,-O0
2000,10,100,0,1.8393,-O0
2000,10,100,1,1.83671,-O0
2000,10,100,2,1.79878,-O0
2000,10,100,3,1.82111,-O0
2000,10,100,4,1.80155,-O0
2000,10,100,5,1.8002,-O0
2000,10,100,6,1.7918,-O0
2000,10,100,7,1.79635,-O0
2000,10,100,8,1.8049,-O0
2000,10,100,9,1.8142,-O0
2000,10,100,10,1.81542,-O0
2000,10,100,11,1.80011,-O0
2000,10,100,12,1.80874,-O0
2000,10,100,13,1.8237,-O0
2000,10,100,14,1.90584,-O0
2000,10,100,15,1.94498,-O0
2000,10,100,16,1.86802,-O0
2000,10,100,17,1.85873,-O0
2000,10,100,18,1.87415,-O0
2000,10,100,19,1.89187,-O0
2000,10,100,20,1.88896,-O0
2000,10,100,21,1.89348,-O0
2000,10,100,22,1.90455,-O0
2000,10,100,23,1.89805,-O0
2000,10,100,24,1.90188,-O0
2000,10,100,25,1.91071,-O0
2000,10,100,26,1.92365,-O0
2000,10,100,27,1.93545,-O0
2000,10,100,28,1.91335,-O0
2000,10,100,29,1.92125,-O0
2000,10,100,30,1.93984,-O0
2000,10,100,31,1.92293,-O0
2000,10,100,32,1.92559,-O0
2000,10,100,33,1.92392,-O0
2000,10,100,34,1.94412,-O0
2000,10,100,35,1.93592,-O0
2000,10,100,36,1.93247,-O0
2000,10,100,37,1.9332,-O0
2000,10,100,38,1.92846,-O0
2000,10,100,39,1.93823,-O0
2000,10,100,40,1.94197,-O0
2000,10,100,41,1.95522,-O0
2000,10,100,42,1.9331,-O0
2000,10,100,43,1.9386,-O0
2000,10,100,44,1.93618,-O0
2000,10,100,45,1.95063,-O0
2000,10,100,46,1.92909,-O0
2000,10,100,47,1.92299,-O0
2000,10,100,48,1.91426,-O0
2000,10,100,49,1.93229,-O0
3000,10,100,0,4.20012,-O0
3000,10,100,1,4.12277,-O0
3000,10,100,2,4.1798,-O0
3000,10,100,3,4.25801,-O0
3000,10,100,4,4.28798,-O0
3000,10,100,5,4.28036,-O0
3000,10,100,6,4.30851,-O0
3000,10,100,7,4.43539,-O0
3000,10,100,8,4.46954,-O0
3000,10,100,9,4.38561,-O0
3000,10,100,10,4.4011,-O0
3000,10,100,11,4.41648,-O0
3000,10,100,12,4.40805,-O0
3000,10,100,13,4.40416,-O0
3000,10,100,14,4.46557,-O0
3000,10,100,15,4.40385,-O0
3000,10,100,16,4.40236,-O0
3000,10,100,17,4.46159,-O0
3000,10,100,18,4.6096,-O0
3000,10,100,19,4.58722,-O0
3000,10,100,20,4.59969,-O0
3000,10,100,21,4.59682,-O0
3000,10,100,22,4.58422,-O0
3000,10,100,23,4.58517,-O0
3000,10,100,24,4.57251,-O0
3000,10,100,25,4.56778,-O0
3000,10,100,26,4.55905,-O0
3000,10,100,27,4.57816,-O0
3000,10,100,28,4.5497,-O0
3000,10,100,29,4.57531,-O0
3000,10,100,30,4.55666,-O0
3000,10,100,31,4.56699,-O0
3000,10,100,32,4.55204,-O0
3000,10,100,33,4.55324,-O0
3000,10,100,34,4.56061,-O0
3000,10,100,35,4.54506,-O0
3000,10,100,36,4.56031,-O0
3000,10,100,37,4.56505,-O0
3000,10,100,38,4.55683,-O0
3000,10,100,39,4.55111,-O0
3000,10,100,40,4.56056,-O0
3000,10,100,41,4.55679,-O0
3000,10,100,42,4.53779,-O0
3000,10,100,43,4.5474,-O0
3000,10,100,44,4.51379,-O0
3000,10,100,45,4.53066,-O0
3000,10,100,46,4.52775,-O0
3000,10,100,47,4.6128,-O0
3000,10,100,48,4.6162,-O0
3000,10,100,49,4.54809,-O0
4000,10,100,0,7.40744,-O0
4000,10,100,1,7.30184,-O0
4000,10,100,2,7.37215,-O0
4000,10,100,3,7.52462,-O0
4000,10,100,4,7.82682,-O0
4000,10,100,5,7.75484,-O0
4000,10,100,6,7.76129,-O0
4000,10,100,7,7.76286,-O0
4000,10,100,8,7.78739,-O0
4000,10,100,9,7.77747,-O0
4000,10,100,10,7.84046,-O0
4000,10,100,11,7.80947,-O0
4000,10,100,12,7.87264,-O0
4000,10,100,13,8.00199,-O0
4000,10,100,14,8.17307,-O0
4000,10,100,15,8.14112,-O0
4000,10,100,16,8.14449,-O0
4000,10,100,17,8.10525,-O0
4000,10,100,18,8.0963,-O0
4000,10,100,19,8.14435,-O0
4000,10,100,20,8.1095,-O0
4000,10,100,21,8.11606,-O0
4000,10,100,22,8.12093,-O0
4000,10,100,23,8.1118,-O0
4000,10,100,24,8.0613,-O0
4000,10,100,25,8.09044,-O0
4000,10,100,26,8.05736,-O0
4000,10,100,27,8.20755,-O0
4000,10,100,28,8.06979,-O0
4000,10,100,29,8.05045,-O0
4000,10,100,30,8.14577,-O0
4000,10,100,31,8.12942,-O0
4000,10,100,32,8.05266,-O0
4000,10,100,33,8.03155,-O0
4000,10,100,34,8.11514,-O0
4000,10,100,35,8.05909,-O0
4000,10,100,36,8.03832,-O0
4000,10,100,37,8.20988,-O0
4000,10,100,38,8.0925,-O0
4000,10,100,39,8.06814,-O0
4000,10,100,40,8.07702,-O0
4000,10,100,41,8.10429,-O0
4000,10,100,42,8.13822,-O0
4000,10,100,43,8.11226,-O0
4000,10,100,44,8.09853,-O0
4000,10,100,45,8.11627,-O0
4000,10,100,46,8.06834,-O0
4000,10,100,47,8.06462,-O0
4000,10,100,48,8.0438,-O0
4000,10,100,49,8.25581,-O0
5000,10,100,0,11.5177,-O0
5000,10,100,1,11.5823,-O0
5000,10,100,2,11.8981,-O0
5000,10,100,3,12.045,-O0
5000,10,100,4,12.1802,-O0
5000,10,100,5,12.1983,-O0
5000,10,100,6,12.3313,-O0
5000,10,100,7,12.3091,-O0
5000,10,100,8,12.3937,-O0
5000,10,100,9,12.7522,-O0
5000,10,100,10,12.6776,-O0
5000,10,100,11,12.8189,-O0
5000,10,100,12,12.69,-O0
5000,10,100,13,12.6716,-O0
5000,10,100,14,12.6982,-O0
5000,10,100,15,12.6554,-O0
5000,10,100,16,12.651,-O0
5000,10,100,17,12.6498,-O0
5000,10,100,18,12.6536,-O0
5000,10,100,19,12.8258,-O0
5000,10,100,20,12.6366,-O0
5000,10,100,21,12.635,-O0
5000,10,100,22,12.6131,-O0
5000,10,100,23,12.6289,-O0
5000,10,100,24,12.6481,-O0
5000,10,100,25,12.6547,-O0
5000,10,100,26,12.8139,-O0
5000,10,100,27,12.6482,-O0
5000,10,100,28,12.6251,-O0
5000,10,100,29,12.6099,-O0
5000,10,100,30,12.6322,-O0
5000,10,100,31,12.5688,-O0
5000,10,100,32,12.583,-O0
5000,10,100,33,12.5863,-O0
5000,10,100,34,12.5674,-O0
5000,10,100,35,12.6151,-O0
5000,10,100,36,12.6062,-O0
5000,10,100,37,12.6326,-O0
5000,10,100,38,12.6203,-O0
5000,10,100,39,12.5815,-O0
5000,10,100,40,12.7988,-O0
5000,10,100,41,12.6311,-O0
5000,10,100,42,12.6291,-O0
5000,10,100,43,12.6284,-O0
5000,10,100,44,12.6386,-O0
5000,10,100,45,12.6148,-O0
5000,10,100,46,12.6029,-O0
5000,10,100,47,12.5888,-O0
5000,10,100,48,12.5779,-O0
5000,10,100,49,12.6464,-O0
10000,10,100,0,46.5574,-O0
10000,10,100,1,48.3323,-O0
10000,10,100,2,51.0338,-O0
10000,10,100,3,50.2376,-O0
10000,10,100,4,50.1516,-O0
10000,10,100,5,50.17,-O0
10000,10,100,6,50.1781,-O0
10000,10,100,7,50.1006,-O0
10000,10,100,8,50.1264,-O0
10000,10,100,9,50.2252,-O0
10000,10,100,10,50.1609,-O0
10000,10,100,11,50.0784,-O0
10000,10,100,12,50.2454,-O0
10000,10,100,13,50.1002,-O0
10000,10,100,14,50.043,-O0
10000,10,100,15,50.0907,-O0
10000,10,100,16,50.404,-O0
10000,10,100,17,50.3021,-O0
10000,10,100,18,50.1909,-O0
10000,10,100,19,50.0934,-O0
1000,10,100,0,0.107337,-O2 -ftree-vectorize
1000,10,100,1,0.088029,-O2 -ftree-vectorize
1000,10,100,2,0.0848197,-O2 -ftree-vectorize
1000,10,100,3,0.0837639,-O2 -ftree-vectorize
1000,10,100,4,0.084468,-O2 -ftree-vectorize
1000,10,100,5,0.0838687,-O2 -ftree-vectorize
1000,10,100,6,0.0838432,-O2 -ftree-vectorize
1000,10,100,7,0.0839273,-O2 -ftree-vectorize
1000,10,100,8,0.0842819,-O2 -ftree-vectorize
1000,10,100,9,0.0834191,-O2 -ftree-vectorize
1000,10,100,10,0.0836184,-O2 -ftree-vectorize
1000,10,100,11,0.0848855,-O2 -ftree-vectorize
1000,10,100,12,0.083492,-O2 -ftree-vectorize
1000,10,100,13,0.0833792,-O2 -ftree-vectorize
1000,10,100,14,0.0847712,-O2 -ftree-vectorize
1000,10,100,15,0.0836147,-O2 -ftree-vectorize
1000,10,100,16,0.0833584,-O2 -ftree-vectorize
1000,10,100,17,0.0836379,-O2 -ftree-vectorize
1000,10,100,18,0.0844046,-O2 -ftree-vectorize
1000,10,100,19,0.0970102,-O2 -ftree-vectorize
1000,10,100,20,0.0847534,-O2 -ftree-vectorize
1000,10,100,21,0.083828,-O2 -ftree-vectorize
1000,10,100,22,0.0854724,-O2 -ftree-vectorize
1000,10,100,23,0.0891656,-O2 -ftree-vectorize
1000,10,100,24,0.0840092,-O2 -ftree-vectorize
1000,10,100,25,0.0864455,-O2 -ftree-vectorize
1000,10,100,26,0.0843941,-O2 -ftree-vectorize
1000,10,100,27,0.0839943,-O2 -ftree-vectorize
1000,10,100,28,0.0837116,-O2 -ftree-vectorize
1000,10,100,29,0.0851756,-O2 -ftree-vectorize
1000,10,100,30,0.0839039,-O2 -ftree-vectorize
1000,10,100,31,0.0834594,-O2 -ftree-vectorize
1000,10,100,32,0.0834327,-O2 -ftree-vectorize
1000,10,100,33,0.0839089,-O2 -ftree-vectorize
1000,10,100,34,0.083521,-O2 -ftree-vectorize
1000,10,100,35,0.0833998,-O2 -ftree-vectorize
1000,10,100,36,0.083448,-O2 -ftree-vectorize
1000,10,100,37,0.0835509,-O2 -ftree-vectorize
1000,10,100,38,0.0837629,-O2 -ftree-vectorize
1000,10,100,39,0.0842425,-O2 -ftree-vectorize
1000,10,100,40,0.0833401,-O2 -ftree-vectorize
1000,10,100,41,0.0834236,-O2 -ftree-vectorize
1000,10,100,42,0.0834782,-O2 -ftree-vectorize
1000,10,100,43,0.0832018,-O2 -ftree-vectorize
1000,10,100,44,0.0839649,-O2 -ftree-vectorize
1000,10,100,45,0.0843827,-O2 -ftree-vectorize
1000,10,100,46,0.0848615,-O2 -ftree-vectorize
1000,10,100,47,0.0836365,-O2 -ftree-vectorize
1000,10,100,48,0.0839345,-O2 -ftree-vectorize
1000,10,100,49,0.0835551,-O2 -ftree-vectorize
2000,10,100,0,0.341946,-O2 -ftree-vectorize
2000,10,100,1,0.331888,-O2 -ftree-vectorize
2000,10,100,2,0.319445,-O2 -ftree-vectorize
2000,10,100,3,0.316333,-O2 -ftree-vectorize
2000,10,100,4,0.317837,-O2 -ftree-vectorize
2000,10,100,5,0.317291,-O2 -ftree-vectorize
2000,10,100,6,0.319091,-O2 -ftree-vectorize
2000,10,100,7,0.31897,-O2 -ftree-vectorize
2000,10,100,8,0.318027,-O2 -ftree-vectorize
2000,10,100,9,0.334388,-O2 -ftree-vectorize
2000,10,100,10,0.329572,-O2 -ftree-vectorize
2000,10,100,11,0.322504,-O2 -ftree-vectorize
2000,10,100,12,0.319314,-O2 -ftree-vectorize
2000,10,100,13,0.318538,-O2 -ftree-vectorize
2000,10,100,14,0.31844,-O2 -ftree-vectorize
2000,10,100,15,0.320576,-O2 -ftree-vectorize
2000,10,100,16,0.318147,-O2 -ftree-vectorize
2000,10,100,17,0.326141,-O2 -ftree-vectorize
2000,10,100,18,0.320612,-O2 -ftree-vectorize
2000,10,100,19,0.317703,-O2 -ftree-vectorize
2000,10,100,20,0.318443,-O2 -ftree-vectorize
2000,10,100,21,0.317305,-O2 -ftree-vectorize
2000,10,100,22,0.316167,-O2 -ftree-vectorize
2000,10,100,23,0.316464,-O2 -ftree-vectorize
2000,10,100,24,0.320479,-O2 -ftree-vectorize
2000,10,100,25,0.318402,-O2 -ftree-vectorize
2000,10,100,26,0.316782,-O2 -ftree-vectorize
2000,10,100,27,0.317612,-O2 -ftree-vectorize
2000,10,100,28,0.3177,-O2 -ftree-vectorize
2000,10,100,29,0.318777,-O2 -ftree-vectorize
2000,10,100,30,0.318064,-O2 -ftree-vectorize
2000,10,100,31,0.316858,-O2 -ftree-vectorize
2000,10,100,32,0.319522,-O2 -ftree-vectorize
2000,10,100,33,0.324672,-O2 -ftree-vectorize
2000,10,100,34,0.319016,-O2 -ftree-vectorize
2000,10,100,35,0.317105,-O2 -ftree-vectorize
2000,10,100,36,0.316897,-O2 -ftree-vectorize
2000,10,100,37,0.316657,-O2 -ftree-vectorize
2000,10,100,38,0.316789,-O2 -ftree-vectorize
2000,10,100,39,0.318037,-O2 -ftree-vectorize
2000,10,100,40,0.317516,-O2 -ftree-vectorize
2000,10,100,41,0.317651,-O2 -ftree-vectorize
2000,10,100,42,0.319121,-O2 -ftree-vectorize
2000,10,100,43,0.317728,-O2 -ftree-vectorize
2000,10,100,44,0.318976,-O2 -ftree-vectorize
2000,10,100,45,0.315536,-O2 -ftree-vectorize
2000,10,100,46,0.3172,-O2 -ftree-vectorize
2000,10,100,47,0.317606,-O2 -ftree-vectorize
2000,10,100,48,0.316175,-O2 -ftree-vectorize
2000,10,100,49,0.319023,-O2 -ftree-vectorize
3000,10,100,0,0.736723,-O2 -ftree-vectorize
3000,10,100,1,0.717487,-O2 -ftree-vectorize
3000,10,100,2,0.715189,-O2 -ftree-vectorize
3000,10,100,3,0.739529,-O2 -ftree-vectorize
3000,10,100,4,0.722546,-O2 -ftree-vectorize
3000,10,100,5,0.715218,-O2 -ftree-vectorize
3000,10,100,6,0.714851,-O2 -ftree-vectorize
3000,10,100,7,0.716112,-O2 -ftree-vectorize
3000,10,100,8,0.713948,-O2 -ftree-vectorize
3000,10,100,9,0.726353,-O2 -ftree-vectorize
3000,10,100,10,0.712003,-O2 -ftree-vectorize
3000,10,100,11,0.71528,-O2 -ftree-vectorize
3000,10,100,12,0.714609,-O2 -ftree-vectorize
3000,10,100,13,0.713796,-O2 -ftree-vectorize
3000,10,100,14,0.712475,-O2 -ftree-vectorize
3000,10,100,15,0.711309,-O2 -ftree-vectorize
3000,10,100,16,0.711905,-O2 -ftree-vectorize
3000,10,100,17,0.71427,-O2 -ftree-vectorize
3000,10,100,18,0.710565,-O2 -ftree-vectorize
3000,10,100,19,0.720072,-O2 -ftree-vectorize
3000,10,100,20,0.71322,-O2 -ftree-vectorize
3000,10,100,21,0.712148,-O2 -ftree-vectorize
3000,10,100,22,0.713477,-O2 -ftree-vectorize
3000,10,100,23,0.710259,-O2 -ftree-vectorize
3000,10,100,24,0.729542,-O2 -ftree-vectorize
3000,10,100,25,0.744951,-O2 -ftree-vectorize
3000,10,100,26,0.755837,-O2 -ftree-vectorize
3000,10,100,27,0.763093,-O2 -ftree-vectorize
3000,10,100,28,0.755388,-O2 -ftree-vectorize
3000,10,100,29,0.746152,-O2 -ftree-vectorize
3000,10,100,30,0.71743,-O2 -ftree-vectorize
3000,10,100,31,0.744864,-O2 -ftree-vectorize
3000,10,100,32,0.753818,-O2 -ftree-vectorize
3000,10,100,33,0.732529,-O2 -ftree-vectorize
3000,10,100,34,0.72113,-O2 -ftree-vectorize
3000,10,100,35,0.738261,-O2 -ftree-vectorize
3000,10,100,36,0.744399,-O2 -ftree-vectorize
3000,10,100,37,0.774664,-O2 -ftree-vectorize
3000,10,100,38,0.750515,-O2 -ftree-vectorize
3000,10,100,39,0.727295,-O2 -ftree-vectorize
3000,10,100,40,0.734019,-O2 -ftree-vectorize
3000,10,100,41,0.733259,-O2 -ftree-vectorize
3000,10,100,42,0.733292,-O2 -ftree-vectorize
3000,10,100,43,0.728054,-O2 -ftree-vectorize
3000,10,100,44,0.728259,-O2 -ftree-vectorize
3000,10,100,45,0.738287,-O2 -ftree-vectorize
3000,10,100,46,0.725834,-O2 -ftree-vectorize
3000,10,100,47,0.731071,-O2 -ftree-vectorize
3000,10,100,48,0.727523,-O2 -ftree-vectorize
3000,10,100,49,0.731506,-O2 -ftree-vectorize
4000,10,100,0,1.31976,-O2 -ftree-vectorize
4000,10,100,1,1.28014,-O2 -ftree-vectorize
4000,10,100,2,1.26954,-O2 -ftree-vectorize
4000,10,100,3,1.2738,-O2 -ftree-vectorize
4000,10,100,4,1.2611,-O2 -ftree-vectorize
4000,10,100,5,1.2618,-O2 -ftree-vectorize
4000,10,100,6,1.25863,-O2 -ftree-vectorize
4000,10,100,7,1.25816,-O2 -ftree-vectorize
4000,10,100,8,1.25958,-O2 -ftree-vectorize
4000,10,100,9,1.27094,-O2 -ftree-vectorize
4000,10,100,10,1.25918,-O2 -ftree-vectorize
4000,10,100,11,1.27683,-O2 -ftree-vectorize
4000,10,100,12,1.29981,-O2 -ftree-vectorize
4000,10,100,13,1.30482,-O2 -ftree-vectorize
4000,10,100,14,1.27478,-O2 -ftree-vectorize
4000,10,100,15,1.26486,-O2 -ftree-vectorize
4000,10,100,16,1.25781,-O2 -ftree-vectorize
4000,10,100,17,1.2662,-O2 -ftree-vectorize
4000,10,100,18,1.2591,-O2 -ftree-vectorize
4000,10,100,19,1.25753,-O2 -ftree-vectorize
4000,10,100,20,1.25926,-O2 -ftree-vectorize
4000,10,100,21,1.26506,-O2 -ftree-vectorize
4000,10,100,22,1.26322,-O2 -ftree-vectorize
4000,10,100,23,1.28394,-O2 -ftree-vectorize
4000,10,100,24,1.25949,-O2 -ftree-vectorize
4000,10,100,25,1.26895,-O2 -ftree-vectorize
4000,10,100,26,1.26612,-O2 -ftree-vectorize
4000,10,100,27,1.25981,-O2 -ftree-vectorize
4000,10,100,28,1.25898,-O2 -ftree-vectorize
4000,10,100,29,1.25924,-O2 -ftree-vectorize
4000,10,100,30,1.26029,-O2 -ftree-vectorize
4000,10,100,31,1.2672,-O2 -ftree-vectorize
4000,10,100,32,1.26627,-O2 -ftree-vectorize
4000,10,100,33,1.26661,-O2 -ftree-vectorize
4000,10,100,34,1.25762,-O2 -ftree-vectorize
4000,10,100,35,1.27334,-O2 -ftree-vectorize
4000,10,100,36,1.26429,-O2 -ftree-vectorize
4000,10,100,37,1.25993,-O2 -ftree-vectorize
4000,10,100,38,1.25868,-O2 -ftree-vectorize
4000,10,100,39,1.26266,-O2 -ftree-vectorize
4000,10,100,40,1.26909,-O2 -ftree-vectorize
4000,10,100,41,1.26384,-O2 -ftree-vectorize
4000,10,100,42,1.25627,-O2 -ftree-vectorize
4000,10,100,43,1.25834,-O2 -ftree-vectorize
4000,10,100,44,1.25963,-O2 -ftree-vectorize
4000,10,100,45,1.25864,-O2 -ftree-vectorize
4000,10,100,46,1.25996,-O2 -ftree-vectorize
4000,10,100,47,1.26307,-O2 -ftree-vectorize
4000,10,100,48,1.26593,-O2 -ftree-vectorize
4000,10,100,49,1.27149,-O2 -ftree-vectorize
5000,10,100,0,2.03083,-O2 -ftree-vectorize
5000,10,100,1,2.01759,-O2 -ftree-vectorize
5000,10,100,2,2.00482,-O2 -ftree-vectorize
5000,10,100,3,1.9988,-O2 -ftree-vectorize
5000,10,100,4,1.99844,-O2 -ftree-vectorize
5000,10,100,5,2.0047,-O2 -ftree-vectorize
5000,10,100,6,1.99794,-O2 -ftree-vectorize
5000,10,100,7,1.99918,-O2 -ftree-vectorize
5000,10,100,8,1.99813,-O2 -ftree-vectorize
5000,10,100,9,1.99885,-O2 -ftree-vectorize
5000,10,100,10,2.01064,-O2 -ftree-vectorize
5000,10,100,11,2.0052,-O2 -ftree-vectorize
5000,10,100,12,1.99728,-O2 -ftree-vectorize
5000,10,100,13,2.00724,-O2 -ftree-vectorize
5000,10,100,14,1.9977,-O2 -ftree-vectorize
5000,10,100,15,1.99953,-O2 -ftree-vectorize
5000,10,100,16,2.00371,-O2 -ftree-vectorize
5000,10,100,17,1.99862,-O2 -ftree-vectorize
5000,10,100,18,1.99738,-O2 -ftree-vectorize
5000,10,100,19,1.99901,-O2 -ftree-vectorize
5000,10,100,20,2.01005,-O2 -ftree-vectorize
5000,10,100,21,1.99533,-O2 -ftree-vectorize
5000,10,100,22,2.00471,-O2 -ftree-vectorize
5000,10,100,23,1.99411,-O2 -ftree-vectorize
5000,10,100,24,1.99126,-O2 -ftree-vectorize
5000,10,100,25,1.99729,-O2 -ftree-vectorize
5000,10,100,26,2.00172,-O2 -ftree-vectorize
5000,10,100,27,2.00111,-O2 -ftree-vectorize
5000,10,100,28,2.00502,-O2 -ftree-vectorize
5000,10,100,29,2.00143,-O2 -ftree-vectorize
5000,10,100,30,2.00099,-O2 -ftree-vectorize
5000,10,100,31,2.00369,-O2 -ftree-vectorize
5000,10,100,32,1.99145,-O2 -ftree-vectorize
5000,10,100,33,1.99557,-O2 -ftree-vectorize
5000,10,100,34,2.00313,-O2 -ftree-vectorize
5000,10,100,35,1.99861,-O2 -ftree-vectorize
5000,10,100,36,2.00314,-O2 -ftree-vectorize
5000,10,100,37,1.99515,-O2 -ftree-vectorize
5000,10,100,38,2.01026,-O2 -ftree-vectorize
5000,10,100,39,2.00662,-O2 -ftree-vectorize
5000,10,100,40,1.99391,-O2 -ftree-vectorize
5000,10,100,41,1.99868,-O2 -ftree-vectorize
5000,10,100,42,1.99659,-O2 -ftree-vectorize
5000,10,100,43,2.00469,-O2 -ftree-vectorize
5000,10,100,44,2.03712,-O2 -ftree-vectorize
5000,10,100,45,2.06146,-O2 -ftree-vectorize
5000,10,100,46,2.06185,-O2 -ftree-vectorize
5000,10,100,47,2.05914,-O2 -ftree-vectorize
5000,10,100,48,2.05783,-O2 -ftree-vectorize
5000,10,100,49,2.06801,-O2 -ftree-vectorize
10000,10,100,0,8.04795,-O2 -ftree-vectorize
10000,10,100,1,7.99737,-O2 -ftree-vectorize
10000,10,100,2,8.54493,-O2 -ftree-vectorize
10000,10,100,3,8.15016,-O2 -ftree-vectorize
10000,10,100,4,8.0772,-O2 -ftree-vectorize
10000,10,100,5,8.03329,-O2 -ftree-vectorize
10000,10,100,6,8.02031,-O2 -ftree-vectorize
10000,10,100,7,8.00876,-O2 -ftree-vectorize
10000,10,100,8,7.99573,-O2 -ftree-vectorize
10000,10,100,9,7.99994,-O2 -ftree-vectorize
10000,10,100,10,8.00896,-O2 -ftree-vectorize
10000,10,100,11,7.99819,-O2 -ftree-vectorize
10000,10,100,12,8.0189,-O2 -ftree-vectorize
10000,10,100,13,7.99799,-O2 -ftree-vectorize
10000,10,100,14,8.00835,-O2 -ftree-vectorize
10000,10,100,15,7.99585,-O2 -ftree-vectorize
10000,10,100,16,8.00177,-O2 -ftree-vectorize
10000,10,100,17,8.03037,-O2 -ftree-vectorize
10000,10,100,18,8.25564,-O2 -ftree-vectorize
10000,10,100,19,8.2298,-O2 -ftree-vectorize
